"Equation","Method","Term","Estimate","StdError"
"Mediator","OLS","(Intercept)",4.01717152589148,0.145800704274045
"Mediator","OLS","T",0.0601222201043623,0.0489926925236813
"Mediator","OLS","depress1",-0.263315406375656,0.046191886204761
"Mediator","OLS","econ_hard",0.102608721897772,0.0262452332440803
"Mediator","OLS","sex",0.0240653637926932,0.047567398199454
"Mediator","OLS","age",0.0041328256206741,0.00235299212548386
"Mediator","Semiparametric","(Intercept)",3.97981729187067,0.0733749704985144
"Mediator","Semiparametric","T",0.0724550696419917,0.0287683888442923
"Mediator","Semiparametric","depress1",-0.106474184957661,0.0274300876005273
"Mediator","Semiparametric","econ_hard",0.0506734803101715,0.0145671645216128
"Mediator","Semiparametric","sex",0.024789813204812,0.0264268210774472
"Mediator","Semiparametric","age",0.00127101199700862,0.0013351842659313
"Outcome","OLS","(Intercept)",1.62098672262644,0.221969220411251
"Outcome","OLS","T",-0.29982048034956,0.245024838410355
"Outcome","OLS","M",-0.226929993240503,0.0491110746831652
"Outcome","OLS","depress1",0.416477481040869,0.0363271058513224
"Outcome","OLS","econ_hard",0.0684120327871209,0.0216600400735726
"Outcome","OLS","sex",0.0565858111482967,0.0381634599035533
"Outcome","OLS","age",0.00115902018823791,0.00173533677163492
"Outcome","OLS","T:M",0.0657749050980142,0.0582410274390945
"Outcome","Semiparametric","(Intercept)",1.71475112963279,0.155317321871245
"Outcome","Semiparametric","T",-0.228612790767874,0.186812229572742
"Outcome","Semiparametric","M",-0.15042759341198,0.0330760545226688
"Outcome","Semiparametric","depress1",0.262059769509263,0.0334282438679907
"Outcome","Semiparametric","econ_hard",0.0432177802783503,0.0152259226861304
"Outcome","Semiparametric","sex",0.0369273586678208,0.0267316080199177
"Outcome","Semiparametric","age",0.000268275662754347,0.00136028224545822
"Outcome","Semiparametric","T:M",0.0504234781536261,0.0433423813519179
