"Effect","Estimate","StdError","Lower","Upper","Method","SampleSize"
"PNIE",-0.0136435350018869,0.0113819352094517,-0.0359517180867805,0.00866464808300665,"OLS",899
"TNIE",-0.0096890016802406,0.00838216833854418,-0.0261177497361391,0.00673974637565793,"OLS",899
"PNDE",-0.0365091707828417,0.0409173656420192,-0.116705733783456,0.0436873922177726,"OLS",899
"TNDE",-0.0325546374611953,0.0403047821801338,-0.111550558938989,0.0464412840165986,"OLS",899
"TE",-0.0461981724630822,0.0418046813974424,-0.128133842387241,0.0357374974610765,"OLS",899
"PNIE",-0.0108992417567422,0.00489817101754102,-0.0204994805412405,-0.0012990029722439,"Semiparametric",899
"TNIE",-0.00724580513552978,0.00366496349374583,-0.0144290015879257,-6.26086831338581e-05,"Semiparametric",899
"PNDE",-0.0271716337619104,0.0316701212931231,-0.0892439308824468,0.034900663358626,"Semiparametric",899
"TNDE",-0.023518197140698,0.030590560344241,-0.0834745936823096,0.0364381994009136,"Semiparametric",899
"TE",-0.0344174388974402,0.0315347864417173,-0.0962244845833681,0.0273896067884877,"Semiparametric",899
"PNIE",-0.0137550554304324,NA,-0.0390982868263648,0.00797152935049051,"Imai quasi-Bayes",899
"TNIE",-0.00975519322923938,NA,-0.0272070895843309,0.0059912438761931,"Imai quasi-Bayes",899
"PNDE",-0.035679798143293,NA,-0.115488193214563,0.045108404118423,"Imai quasi-Bayes",899
"TNDE",-0.0316799359421,NA,-0.112819086787061,0.0483415485300532,"Imai quasi-Bayes",899
"TE",-0.0454349913725324,NA,-0.127779160903004,0.03703195797442,"Imai quasi-Bayes",899
"PNIE",-0.0136435350018867,NA,-0.0372784489647321,0.00767308197220488,"Imai bootstrap",899
"TNIE",-0.00968900168024057,NA,-0.0288525913653164,0.00516177563418302,"Imai bootstrap",899
"PNDE",-0.036665772475317,NA,-0.114957965434896,0.0450739790120295,"Imai bootstrap",899
"TNDE",-0.0327112391536707,NA,-0.110217095592234,0.0473036742491846,"Imai bootstrap",899
"TE",-0.0463547741555575,NA,-0.127759876067837,0.0357330525815106,"Imai bootstrap",899
"PNIE",-0.0135903085901976,0.0113525729224656,-0.0358409426500948,0.0086603254696995,"medflex NEM",899
"TNIE",-0.00975537728230936,0.00846278809547281,-0.0263421371582304,0.00683138259361166,"medflex NEM",899
"PNDE",-0.0368624487226906,0.0404902945812585,-0.116221967825375,0.0424970703799933,"medflex NEM",899
"TNDE",-0.0330275174148024,0.039935019273724,-0.111298716913214,0.0452436820836095,"medflex NEM",899
"TE",-0.046617826005,0.0414406028746708,-0.127839915136982,0.0346042631269817,"medflex NEM",899
