"Effect","Estimate","StdError","Lower","Upper","Method","Specification"
"PNIE",-0.0136435350018869,0.0113819352094517,-0.0359517180867805,0.00866464808300665,"OLS","With baseline depression"
"TNIE",-0.0096890016802406,0.00838216833854418,-0.0261177497361391,0.00673974637565793,"OLS","With baseline depression"
"PNDE",-0.0365091707828417,0.0409173656420192,-0.116705733783456,0.0436873922177726,"OLS","With baseline depression"
"TNDE",-0.0325546374611953,0.0403047821801338,-0.111550558938989,0.0464412840165986,"OLS","With baseline depression"
"TE",-0.0461981724630822,0.0418046813974424,-0.128133842387241,0.0357374974610765,"OLS","With baseline depression"
"PNIE",-0.0108992417567422,0.00489817101754102,-0.0204994805412405,-0.0012990029722439,"Semiparametric","With baseline depression"
"TNIE",-0.00724580513552978,0.00366496349374583,-0.0144290015879257,-6.26086831338581e-05,"Semiparametric","With baseline depression"
"PNDE",-0.0271716337619104,0.0316701212931231,-0.0892439308824468,0.034900663358626,"Semiparametric","With baseline depression"
"TNDE",-0.023518197140698,0.030590560344241,-0.0834745936823096,0.0364381994009136,"Semiparametric","With baseline depression"
"TE",-0.0344174388974402,0.0315347864417173,-0.0962244845833681,0.0273896067884877,"Semiparametric","With baseline depression"
"PNIE",-0.0197776826245838,0.0151680224372669,-0.0495064603183224,0.00995109506915475,"OLS","Without baseline depression"
"TNIE",-0.014033956856671,0.0111833614809062,-0.0359529425853396,0.00788502887199754,"OLS","Without baseline depression"
"PNDE",-0.0419792497063732,0.044204823139375,-0.128619111002511,0.0446606115897646,"OLS","Without baseline depression"
"TNDE",-0.0362355239384604,0.0437124853447499,-0.121910420888905,0.0494393730119843,"OLS","Without baseline depression"
"TE",-0.0560132065630443,0.045913964127657,-0.146002922640716,0.0339765095146273,"OLS","Without baseline depression"
"PNIE",-0.0122170807106801,0.0054997879533333,-0.0229964670218207,-0.00143769439953962,"Semiparametric","Without baseline depression"
"TNIE",-0.009444514701842,0.00429412498499848,-0.0178608450175526,-0.00102818438613138,"Semiparametric","Without baseline depression"
"PNDE",-0.02330590433796,0.0325267738365936,-0.0870572095909632,0.0404454009150432,"Semiparametric","Without baseline depression"
"TNDE",-0.0205333383291219,0.030509803733769,-0.0803314548226947,0.039264778164451,"Semiparametric","Without baseline depression"
"TE",-0.032750419039802,0.032478154745873,-0.0964064326260317,0.0309055945464277,"Semiparametric","Without baseline depression"
