"Beta2","TruePNIE","Method","Attempts","Valid","SuccessRate","Critical","NominalRate","CalibratedRate","NominalMCSE","CalibratedMCSE","NominalReportReject","CalibratedReportReject","Bias","RMSE","TwoStageMCSE","TwoStageLower","TwoStageUpper","ReportTwoStageMCSE","ReportTwoStageLower","ReportTwoStageUpper"
0,0,"OLS",1000,1000,1,1.66871355628385,0.018,0.054,0.00420428352992516,0.00714730718522718,0.018,0.054,0.000935411201151615,0.0322871273087386,0.00828500436314292,0.037,0.069,0.00828500436314292,0.037,0.069
0,0,"Huber-FIX",1000,1000,1,1.93784903607072,0.048,0.057,0.00675988165576883,0.00733150734842433,0.048,0.057,0.000222207215036623,0.0106731205241746,0.00976895652111888,0.034,0.073,0.00976895652111888,0.034,0.073
0,0,"Huber-SEL",1000,1000,1,1.98816975268875,0.055,0.052,0.00720936890441875,0.00702111102319284,0.055,0.052,0.000178802544472633,0.00991539176045772,0.00767609754194627,0.037975,0.067,0.00767609754194627,0.037975,0.067
0,0,"Semiparametric",1000,965,0.965,1.96694067566598,0.0549222797927461,0.0518134715025907,0.00733405873925149,0.00713517417744135,0.053,0.05,2.21288455474949e-06,0.00761091554982757,0.00803736877645349,0.0383777776825212,0.0695500224567707,0.00774562655507807,0.037,0.067
0.1,-0.026,"OLS",1000,1000,1,1.66871355628385,0.043,0.112,0.00641490451994416,0.00997276290703835,0.043,0.112,0.00170527450387833,0.0324175196856086,0.0122419632683922,0.089975,0.137,0.0122419632683922,0.089975,0.137
0.1,-0.026,"Huber-FIX",1000,1000,1,1.93784903607072,0.644,0.652,0.0151414662433993,0.0150630674166984,0.644,0.652,0.000762408068969106,0.0112844713839027,0.0179111022157371,0.618,0.687,0.0179111022157371,0.618,0.687
0.1,-0.026,"Huber-SEL",1000,1000,1,1.98816975268875,0.73,0.721,0.0140392307481571,0.0141830532678969,0.73,0.721,0.000613725224160238,0.010377065190165,0.0179778797459589,0.683,0.754025,0.0179778797459589,0.683,0.754025
0.1,-0.026,"Semiparametric",1000,962,0.962,1.96694067566598,0.928274428274428,0.927234927234927,0.00831931688022823,0.00837469191108415,0.893,0.892,0.00037371464290022,0.00775582054751671,0.0088452042007207,0.90956340956341,0.94427499910842,0.0100498329908085,0.872,0.910025
0.2,-0.052,"OLS",1000,1000,1,1.66871355628385,0.174,0.323,0.0119884944842962,0.0147875285291356,0.174,0.323,0.00164637054464821,0.0367254736701453,0.0181569510345452,0.288,0.358,0.0181569510345452,0.288,0.358
0.2,-0.052,"Huber-FIX",1000,1000,1,1.93784903607072,0.99,0.992,0.00314642654451046,0.00281709069786544,0.99,0.992,0.00114673231944359,0.0129784649803961,0.00326199948507671,0.985,0.997,0.00326199948507671,0.985,0.997
0.2,-0.052,"Huber-SEL",1000,1000,1,1.98816975268875,0.999,0.999,0.000999499874937461,0.000999499874937461,0.999,0.999,0.00107615610872335,0.0119043709666527,0.000980367339378519,0.997,1,0.000980367339378519,0.997,1
0.2,-0.052,"Semiparametric",1000,960,0.96,1.96694067566598,1,1,0,0,0.96,0.96,0.000611790695195825,0.0087729089344307,0,1,1,0.00623429686953208,0.947,0.972
0.3,-0.078,"OLS",1000,1000,1,1.66871355628385,0.473,0.632,0.0157883184665119,0.0152504426165276,0.473,0.632,-0.00107945843897763,0.0398074526548216,0.0178331986467368,0.596975,0.667025,0.0178331986467368,0.596975,0.667025
0.3,-0.078,"Huber-FIX",1000,1000,1,1.93784903607072,1,1,0,0,1,1,-0.000265787400174716,0.0141337186019908,0,1,1,0,1,1
0.3,-0.078,"Huber-SEL",1000,1000,1,1.98816975268875,1,1,0,0,1,1,-0.0003753928220473,0.0129010427176981,0,1,1,0,1,1
0.3,-0.078,"Semiparametric",1000,967,0.967,1.96694067566598,1,1,0,0,0.967,0.967,-0.000538016659676828,0.00984246911088318,0,1,1,0.00568189474805086,0.955,0.977
0.4,-0.104,"OLS",1000,1000,1,1.66871355628385,0.631,0.789,0.0152590628807932,0.0129026741414329,0.631,0.789,0.00117721728217858,0.0469673902311963,0.0150366620366758,0.755,0.817,0.0150366620366758,0.755,0.817
0.4,-0.104,"Huber-FIX",1000,1000,1,1.93784903607072,1,1,0,0,1,1,0.0015022661673322,0.0165270149081501,0,1,1,0,1,1
0.4,-0.104,"Huber-SEL",1000,1000,1,1.98816975268875,1,1,0,0,1,1,0.00125020459870476,0.0150619927223943,0,1,1,0,1,1
0.4,-0.104,"Semiparametric",1000,967,0.967,1.96694067566598,1,1,0,0,0.967,0.967,0.000129169842799,0.0111703558815959,0,1,1,0.00556655238954109,0.955,0.977
