"Beta2","Comparator","CommonValid","ProposedRate","ComparatorRate","Difference","ConditionalMCSE","TwoStageMCSE","TwoStageLower","TwoStageUpper"
0,"OLS",965,0.0518134715025907,0.0518134715025907,0,0.0101585902412592,0.011630346599923,-0.0187920312523613,0.0257208268172051
0,"Huber-FIX",965,0.0518134715025907,0.0549222797927461,-0.0031088082901554,0.00897845176083721,0.0113678178734005,-0.020877918606581,0.0238101406365655
0,"Huber-SEL",965,0.0518134715025907,0.0518134715025907,0,0.0085497276923662,0.00979669551515335,-0.0176536259480185,0.0204535833654508
0.1,"OLS",962,0.927234927234927,0.113305613305613,0.813929313929314,0.0128937220715089,0.0154060431916028,0.781571102177468,0.84238671187818
0.1,"Huber-FIX",962,0.927234927234927,0.658004158004158,0.269230769230769,0.0151171142616435,0.0177627205723586,0.235525048990372,0.301355578727842
0.1,"Huber-SEL",962,0.927234927234927,0.723492723492724,0.203742203742204,0.0140334943906047,0.0173002249919857,0.171661261332926,0.237899749373434
0.2,"OLS",960,1,0.322916666666667,0.677083333333333,0.015099306071921,0.018821195905403,0.641799290470905,0.714450990134147
0.2,"Huber-FIX",960,1,0.99375,0.00624999999999995,0.00254489152783088,0.00298171298234316,0.00206819891117625,0.0134732566925734
0.2,"Huber-SEL",960,1,0.998958333333333,0.00104166666666664,0.00104166666666665,0.00102182423602143,0,0.00315126050420168
0.3,"OLS",967,1,0.635987590486039,0.364012409513961,0.0154808161265451,0.0182562622774567,0.327437184891313,0.401239823414746
0.3,"Huber-FIX",967,1,1,0,0,0,0,0
0.3,"Huber-SEL",967,1,1,0,0,0,0,0
0.4,"OLS",967,1,0.794208893485005,0.205791106514995,0.0130074483756288,0.0150973045247703,0.177129437237275,0.239186540189075
0.4,"Huber-FIX",967,1,1,0,0,0,0,0
0.4,"Huber-SEL",967,1,1,0,0,0,0,0
