"Scenario","TrueRho","Evaluation","AssumedRho","Effect","PairedValid","RMSERatio","CoverageOLS","CoverageSemi","LengthRatio"
"asymmetric_mixture",-0.3,"CorrectRho",-0.3,"PNDE",498,0.923781236910675,0.94578313253012,0.943775100401606,0.926230864527434
"gaussian",-0.3,"CorrectRho",-0.3,"PNDE",500,1.00092771409626,0.94,0.942,1.00215508995982
"asymmetric_mixture",0,"CorrectRho",0,"PNDE",500,0.929027220083558,0.964,0.966,0.939486884223226
"gaussian",0,"CorrectRho",0,"PNDE",500,0.999739643161604,0.944,0.946,1.00229543604618
"asymmetric_mixture",-0.3,"ZeroRho",0,"PNDE",498,1.01726333683725,0.875502008032129,0.883534136546185,1.02672482521896
"gaussian",-0.3,"ZeroRho",0,"PNDE",500,0.999945685765262,0.84,0.844,1.00180583437823
"asymmetric_mixture",0,"ZeroRho",0,"PNDE",500,0.929027220083558,0.964,0.966,0.939486884223226
"gaussian",0,"ZeroRho",0,"PNDE",500,0.999739643161604,0.944,0.946,1.00229543604618
"asymmetric_mixture",0.3,"ZeroRho",0,"PNDE",499,0.922114176526441,0.87374749498998,0.843687374749499,0.876440291949035
"gaussian",0.3,"ZeroRho",0,"PNDE",500,1.00488523930549,0.88,0.88,1.00864720158164
"asymmetric_mixture",0.3,"CorrectRho",0.3,"PNDE",499,0.960825256357345,0.959919839679359,0.957915831663327,0.959091063389377
"gaussian",0.3,"CorrectRho",0.3,"PNDE",500,1.00024939903579,0.958,0.958,1.0021648365189
"asymmetric_mixture",-0.3,"CorrectRho",-0.3,"PNIE",498,1.01117754830492,0.967871485943775,0.957831325301205,1.01445408400703
"gaussian",-0.3,"CorrectRho",-0.3,"PNIE",500,1.02641878201753,0.926,0.924,1.03849443784219
"asymmetric_mixture",0,"CorrectRho",0,"PNIE",500,0.705687689846192,0.946,0.952,0.697888210696744
"gaussian",0,"CorrectRho",0,"PNIE",500,1.03168954925229,0.946,0.946,1.04181012984796
"asymmetric_mixture",-0.3,"ZeroRho",0,"PNIE",498,0.945951137648641,0.710843373493976,0.512048192771084,0.655355963702681
"gaussian",-0.3,"ZeroRho",0,"PNIE",500,1.02157338754392,0.906,0.894,1.04524444015843
"asymmetric_mixture",0,"ZeroRho",0,"PNIE",500,0.705687689846192,0.946,0.952,0.697888210696744
"gaussian",0,"ZeroRho",0,"PNIE",500,1.03168954925229,0.946,0.946,1.04181012984796
"asymmetric_mixture",0.3,"ZeroRho",0,"PNIE",499,0.922493549689867,0.292585170340681,0.158316633266533,0.7539966432669
"gaussian",0.3,"ZeroRho",0,"PNIE",500,1.01013425294612,0.508,0.534,1.03798738203262
"asymmetric_mixture",0.3,"CorrectRho",0.3,"PNIE",499,0.559289866153777,0.975951903807615,0.945891783567134,0.524325020203208
"gaussian",0.3,"CorrectRho",0.3,"PNIE",500,1.04359961305844,0.94,0.938,1.04476623865149
"asymmetric_mixture",-0.3,"CorrectRho",-0.3,"TE",498,0.998396737183784,0.951807228915663,0.94578313253012,0.999869955515153
"gaussian",-0.3,"CorrectRho",-0.3,"TE",500,1.00057195810975,0.932,0.934,1.00078010059521
"asymmetric_mixture",0,"CorrectRho",0,"TE",500,0.996894492486317,0.964,0.968,1.00015004775146
"gaussian",0,"CorrectRho",0,"TE",500,0.996856494027582,0.94,0.942,1.00052650013908
"asymmetric_mixture",-0.3,"ZeroRho",0,"TE",498,0.998396737183784,0.951807228915663,0.94578313253012,0.999869955515153
"gaussian",-0.3,"ZeroRho",0,"TE",500,1.00057195810975,0.932,0.934,1.00078010059521
"asymmetric_mixture",0,"ZeroRho",0,"TE",500,0.996894492486317,0.964,0.968,1.00015004775146
"gaussian",0,"ZeroRho",0,"TE",500,0.996856494027582,0.94,0.942,1.00052650013908
"asymmetric_mixture",0.3,"ZeroRho",0,"TE",499,1.00048157500544,0.959919839679359,0.957915831663327,0.999779800880622
"gaussian",0.3,"ZeroRho",0,"TE",500,0.999193264483595,0.962,0.962,1.0005302985687
"asymmetric_mixture",0.3,"CorrectRho",0.3,"TE",499,1.00048157500544,0.959919839679359,0.957915831663327,0.999779800880622
"gaussian",0.3,"CorrectRho",0.3,"TE",500,0.999193264483595,0.962,0.962,1.0005302985687
"asymmetric_mixture",-0.3,"CorrectRho",-0.3,"TNDE",498,1.24450313757275,0.951807228915663,0.94578313253012,1.26364736215126
"gaussian",-0.3,"CorrectRho",-0.3,"TNDE",500,1.02098656163772,0.954,0.956,1.02614052874572
"asymmetric_mixture",0,"CorrectRho",0,"TNDE",500,1.07286696526959,0.952,0.954,1.07726421132346
"gaussian",0,"CorrectRho",0,"TNDE",500,1.00613673239514,0.974,0.98,1.02179276760091
"asymmetric_mixture",-0.3,"ZeroRho",0,"TNDE",498,1.23688672506968,0.899598393574297,0.897590361445783,1.2678643967811
"gaussian",-0.3,"ZeroRho",0,"TNDE",500,1.02288991465223,0.896,0.908,1.04322572645279
"asymmetric_mixture",0,"ZeroRho",0,"TNDE",500,1.07286696526959,0.952,0.954,1.07726421132346
"gaussian",0,"ZeroRho",0,"TNDE",500,1.00613673239514,0.974,0.98,1.02179276760091
"asymmetric_mixture",0.3,"ZeroRho",0,"TNDE",499,0.972002782725057,0.829659318637275,0.82565130260521,0.971452844092882
"gaussian",0.3,"ZeroRho",0,"TNDE",500,1.00747427798855,0.858,0.86,1.01033084323638
"asymmetric_mixture",0.3,"CorrectRho",0.3,"TNDE",499,0.918285543627687,0.957915831663327,0.963927855711423,0.872934697564367
"gaussian",0.3,"CorrectRho",0.3,"TNDE",500,1.02258329446598,0.97,0.966,1.01953121702882
"asymmetric_mixture",-0.3,"CorrectRho",-0.3,"TNIE",498,0.794060349674209,0.895582329317269,0.943775100401606,0.843147309071396
"gaussian",-0.3,"CorrectRho",-0.3,"TNIE",500,1.02378163636299,0.91,0.916,1.02204009023869
"asymmetric_mixture",0,"CorrectRho",0,"TNIE",500,0.711688133808977,0.914,0.942,0.729322508227216
"gaussian",0,"CorrectRho",0,"TNIE",500,1.01049979263958,0.922,0.918,1.0229464406176
"asymmetric_mixture",-0.3,"ZeroRho",0,"TNIE",498,0.986425419693817,0.0843373493975904,0.0622489959839357,0.857306156336708
"gaussian",-0.3,"ZeroRho",0,"TNIE",500,1.00075016204173,0.052,0.056,1.01092026379709
"asymmetric_mixture",0,"ZeroRho",0,"TNIE",500,0.711688133808977,0.914,0.942,0.729322508227216
"gaussian",0,"ZeroRho",0,"TNIE",500,1.01049979263958,0.922,0.918,1.0229464406176
"asymmetric_mixture",0.3,"ZeroRho",0,"TNIE",499,0.868406771534465,0.80561122244489,0.110220440881764,0.487739842090494
"gaussian",0.3,"ZeroRho",0,"TNIE",500,1.01325217015852,0.634,0.672,1.03662514031806
"asymmetric_mixture",0.3,"CorrectRho",0.3,"TNIE",499,0.746291824436207,0.887775551102204,0.927855711422846,0.732856476059341
"gaussian",0.3,"CorrectRho",0.3,"TNIE",500,1.02235272024955,0.934,0.932,1.01580061293008
