"Scenario","TrueRho","Method","Effect","Attempted","Valid","SuccessRate","Bias","BiasMCSE","RMSE","EmpiricalSD","MeanSE","Coverage95","CoverageMCSE","AvgLength","ReportAndCover"
"asymmetric_mixture",-0.3,"OLS","PNIE",500,500,1,0.00322355582484538,0.00305588322295461,0.0683393300087972,0.0683316261782766,0.0683374237679286,0.958,0.00897061870775924,0.275848368245503,0.958
"gaussian",-0.3,"OLS","PNIE",500,500,1,0.00187758086301717,0.00257732089126915,0.0576035955058952,0.0576306471270816,0.0539681593005441,0.95,0.00974679434480897,0.215423159445184,0.95
"asymmetric_mixture",0,"OLS","PNIE",500,500,1,0.00567990246454042,0.00320180937771359,0.0717481801464178,0.0715946341956388,0.0736844750631988,0.958,0.00897061870775924,0.289933512492617,0.958
"gaussian",0,"OLS","PNIE",500,500,1,0.00558000169833533,0.00280305135617334,0.0628635647630699,0.0626781337682656,0.0617993724555552,0.946,0.0101078187557949,0.242879357692328,0.946
"asymmetric_mixture",0.3,"OLS","PNIE",500,500,1,-0.00228563220441683,0.00354608245505094,0.0792464497804533,0.0792928142331325,0.0783118862500353,0.95,0.00974679434480897,0.305641124194358,0.95
"gaussian",0.3,"OLS","PNIE",500,500,1,0.00753450568879782,0.00307752030264281,0.0691582478909833,0.0688154459884506,0.0702488257172932,0.954,0.00936845771725528,0.274359904191146,0.954
"asymmetric_mixture",-0.3,"Semiparametric","PNIE",500,498,0.996,0.00391509658163368,0.00305054936643429,0.0681200128116451,0.0680757961073701,0.0683353924133059,0.959839357429719,0.00879801973869897,0.275201793238185,0.956
"gaussian",-0.3,"Semiparametric","PNIE",500,500,1,0.00236964767894722,0.00257520438583127,0.0575744940654786,0.057583320626743,0.0539094111300425,0.948,0.00992935043192656,0.215137912405841,0.948
"asymmetric_mixture",0,"Semiparametric","PNIE",500,500,1,0.00586985392252103,0.00320525699256366,0.0718402234606246,0.0716717252072888,0.0737694809848113,0.96,0.00876356092008266,0.290200538706895,0.96
"gaussian",0,"Semiparametric","PNIE",500,500,1,0.00613345859622838,0.00280194732729464,0.0628905622330848,0.0626534469320467,0.0617567385399286,0.946,0.0101078187557949,0.242702680082176,0.946
"asymmetric_mixture",0.3,"Semiparametric","PNIE",500,499,0.998,-0.00161827729919521,0.00353684045696673,0.0789444143027189,0.0790070311339457,0.0782157260306422,0.949899799599198,0.00976581193791975,0.305248170134364,0.948
"gaussian",0.3,"Semiparametric","PNIE",500,500,1,0.00804384982094723,0.00307667310350649,0.0691967939681907,0.0687965020398576,0.0702189531730741,0.954,0.00936845771725528,0.274240442182783,0.954
"asymmetric_mixture",-0.3,"OLS","TNIE",500,500,1,0.00138884902038439,0.00347963119247872,0.0777414798302758,0.0778069188301106,0.0800479414909525,0.94,0.0106207344378814,0.311087602075535,0.94
"gaussian",-0.3,"OLS","TNIE",500,500,1,0.00225674052165504,0.003579972349066,0.0800023605014289,0.0800506153008119,0.0799457006637399,0.954,0.00936845771725528,0.310814320164487,0.954
"asymmetric_mixture",0,"OLS","TNIE",500,500,1,0.0081017455087954,0.00361734031667393,0.0812103971954329,0.0808861884583352,0.0799824201087803,0.946,0.0101078187557949,0.311039866490979,0.946
"gaussian",0,"OLS","TNIE",500,500,1,0.00481568548452894,0.00360413427441259,0.080654156599742,0.0805908923762344,0.0789780782843943,0.944,0.0102824121683582,0.307206980488777,0.944
"asymmetric_mixture",0.3,"OLS","TNIE",500,500,1,-0.00332176765306056,0.0035643902061508,0.0796917061785672,0.0797021879928768,0.0770594965031549,0.936,0.0109456840809517,0.30088329126655,0.936
"gaussian",0.3,"OLS","TNIE",500,500,1,-0.000133162651537494,0.00309012116458574,0.0690282064767028,0.0690972098272453,0.0700624198358198,0.946,0.0101078187557949,0.273689178279763,0.946
"asymmetric_mixture",-0.3,"Semiparametric","TNIE",500,498,0.996,0.00203701063471692,0.00345765718681639,0.0771101798949584,0.0771607790547014,0.0800897705049748,0.943775100401606,0.0103224771574342,0.311249374532977,0.94
"gaussian",-0.3,"Semiparametric","TNIE",500,500,1,0.00240482461530605,0.00358094400944403,0.0800283700997224,0.080072342287375,0.0799066106103033,0.952,0.00955991631762538,0.310664629580496,0.952
"asymmetric_mixture",0,"Semiparametric","TNIE",500,500,1,0.00667929949825089,0.0036065492886738,0.0808406131213293,0.0806448937367813,0.080110197106814,0.944,0.0102824121683582,0.311527418320139,0.944
"gaussian",0,"Semiparametric","TNIE",500,500,1,0.00454971548741296,0.0036054660596891,0.0806684156240463,0.0806206720003315,0.0789415975537516,0.948,0.00992935043192656,0.307067140477871,0.948
"asymmetric_mixture",0.3,"Semiparametric","TNIE",500,499,0.998,-0.00384162816309059,0.0035581350448164,0.0794959115648374,0.0794827161940138,0.0771550316044426,0.935871743486974,0.0109668678683083,0.301240787594264,0.934
"gaussian",0.3,"Semiparametric","TNIE",500,500,1,-0.000455292470008139,0.00309464298281761,0.0691305870913395,0.0691983207567288,0.0700275337439338,0.944,0.0102824121683582,0.273551487921282,0.944
