"Scenario","TrueRho","Evaluation","AssumedRho","Method","Effect","Attempted","Valid","SuccessRate","Bias","BiasMCSE","RMSE","EmpiricalSD","MeanSE","Coverage95","CoverageMCSE","AvgLength","ReportAndCover"
"asymmetric_mixture",-0.3,"CorrectRho",-0.3,"OLS","PNDE",500,500,1,-0.00978600731745101,0.00711034050285488,0.159134157334056,0.158992047075536,0.155253155664023,0.944,0.0102824121683582,0.608581187175351,0.944
"gaussian",-0.3,"CorrectRho",-0.3,"OLS","PNDE",500,500,1,-0.000207283375814331,0.00736864830998246,0.164603265297458,0.164767985234097,0.158331989292421,0.94,0.0106207344378814,0.620649993227452,0.94
"asymmetric_mixture",0,"CorrectRho",0,"OLS","PNDE",500,500,1,-0.0119185621562528,0.00651774864316603,0.146082493010776,0.145741290263763,0.150185197538947,0.964,0.0083311463797007,0.588715156374739,0.964
"gaussian",0,"CorrectRho",0,"OLS","PNDE",500,500,1,-0.000531115886695692,0.00686257623759351,0.153299261054513,0.153451869680338,0.146519686141089,0.944,0.0102824121683582,0.574346615725292,0.944
"asymmetric_mixture",-0.3,"ZeroRho",0,"OLS","PNDE",500,500,1,0.108608390737227,0.00639633645377919,0.179475428495024,0.143026431176102,0.14049570273815,0.874,0.0148407546977908,0.55073303469884,0.874
"gaussian",-0.3,"ZeroRho",0,"OLS","PNDE",500,500,1,0.11800652865799,0.0064551886866663,0.186329283353854,0.144342407109734,0.141125764379658,0.84,0.0163951212255354,0.55320283094963,0.84
"asymmetric_mixture",0,"ZeroRho",0,"OLS","PNDE",500,500,1,-0.0119185621562528,0.00651774864316603,0.146082493010776,0.145741290263763,0.150185197538947,0.964,0.0083311463797007,0.588715156374739,0.964
"gaussian",0,"ZeroRho",0,"OLS","PNDE",500,500,1,-0.000531115886695692,0.00686257623759351,0.153299261054513,0.153451869680338,0.146519686141089,0.944,0.0102824121683582,0.574346615725292,0.944
"asymmetric_mixture",0.3,"ZeroRho",0,"OLS","PNDE",500,500,1,-0.120176528803638,0.00672828150169804,0.192437039798401,0.150448948095512,0.150130555038084,0.874,0.0148407546977908,0.588500961707305,0.874
"gaussian",0.3,"ZeroRho",0,"OLS","PNDE",500,500,1,-0.119803095489352,0.00609990534939529,0.181438682422878,0.136398030175625,0.141949160527225,0.88,0.014532721699668,0.55643048453811,0.88
"asymmetric_mixture",0.3,"CorrectRho",0.3,"OLS","PNDE",500,500,1,-0.0043264835018947,0.00622223530241801,0.139061527126168,0.139133411082056,0.139564303576,0.96,0.00876356092008266,0.547082017072748,0.96
"gaussian",0.3,"CorrectRho",0.3,"OLS","PNDE",500,500,1,-0.00065728559364888,0.00561865899336532,0.125513055644942,0.125637034515554,0.132578808903997,0.958,0.00897061870775924,0.519699381130106,0.958
"asymmetric_mixture",-0.3,"CorrectRho",-0.3,"Semiparametric","PNDE",500,498,0.996,-0.0117339487505282,0.00654792055784923,0.146446889957884,0.146122829457578,0.1437749057769,0.943775100401606,0.0103224771574342,0.563587274406726,0.94
"gaussian",-0.3,"CorrectRho",-0.3,"Semiparametric","PNDE",500,500,1,-0.000315613038037824,0.0073754766241308,0.164755970066965,0.164920670980171,0.158673208972863,0.942,0.0104533248299285,0.621987549796418,0.942
"asymmetric_mixture",0,"CorrectRho",0,"Semiparametric","PNDE",500,500,1,-0.0069870271283781,0.00606736357363971,0.135714612384677,0.135670373948645,0.141097023292315,0.966,0.00810481338464989,0.553090167957493,0.966
"gaussian",0,"CorrectRho",0,"Semiparametric","PNDE",500,500,1,-0.000691340177214625,0.00686076089144207,0.153259348543577,0.153411277306365,0.146856012710132,0.946,0.0101078187557949,0.575664991650032,0.946
"asymmetric_mixture",-0.3,"ZeroRho",0,"Semiparametric","PNDE",500,498,0.996,0.107922273207664,0.00657530709697298,0.182029790896443,0.146733985098588,0.14424311077762,0.883534136546185,0.0143746182840028,0.565422604284314,0.88
"gaussian",-0.3,"ZeroRho",0,"Semiparametric","PNDE",500,500,1,0.117901583897537,0.00645844540745453,0.186319163021419,0.144415229600397,0.141380614136629,0.844,0.0162273842624127,0.554201823639895,0.844
"asymmetric_mixture",0,"ZeroRho",0,"Semiparametric","PNDE",500,500,1,-0.0069870271283781,0.00606736357363971,0.135714612384677,0.135670373948645,0.141097023292315,0.966,0.00810481338464989,0.553090167957493,0.966
"gaussian",0,"ZeroRho",0,"Semiparametric","PNDE",500,500,1,-0.000691340177214625,0.00686076089144207,0.153259348543577,0.153411277306365,0.146856012710132,0.946,0.0101078187557949,0.575664991650032,0.946
"asymmetric_mixture",0.3,"ZeroRho",0,"Semiparametric","PNDE",500,499,0.998,-0.118584177706181,0.0059260858596071,0.177626622505574,0.132378730595599,0.131607823743238,0.843687374749499,0.0162568923837105,0.515893189240884,0.842
"gaussian",0.3,"ZeroRho",0,"Semiparametric","PNDE",500,500,1,-0.119710156627097,0.00615626562976335,0.182325053805785,0.137658284356964,0.143176623532648,0.88,0.014532721699668,0.561242051104079,0.88
"asymmetric_mixture",0.3,"CorrectRho",0.3,"Semiparametric","PNDE",500,499,0.998,-3.55577306201936e-05,0.00599329354304101,0.133745825639138,0.133880036521639,0.133888007526057,0.957915831663327,0.00898820102910739,0.524831345425797,0.956
"gaussian",0.3,"CorrectRho",0.3,"Semiparametric","PNDE",500,500,1,-0.000555502952225236,0.00562008232822275,0.12554435848,0.125668861250513,0.132865820351146,0.958,0.00897061870775924,0.520824445329228,0.958
"asymmetric_mixture",-0.3,"CorrectRho",-0.3,"OLS","PNIE",500,500,1,0.0171791292972005,0.00287784373549456,0.066541962563533,0.0643505422118775,0.0656165821857689,0.966,0.00810481338464989,0.257212275745439,0.966
"gaussian",-0.3,"CorrectRho",-0.3,"OLS","PNIE",500,500,1,0.0043343588713547,0.00481122031140174,0.107561885760539,0.10758215671022,0.106725457786394,0.926,0.0117067501895274,0.418356106989764,0.926
"asymmetric_mixture",0,"CorrectRho",0,"OLS","PNIE",500,500,1,0.00303015540228678,0.00313575313823526,0.0701129286650772,0.0701175717775234,0.0722460068615161,0.946,0.0101078187557949,0.28319914295081,0.946
"gaussian",0,"CorrectRho",0,"OLS","PNIE",500,500,1,0.0043900062564358,0.0045671974895696,0.102117869721162,0.10212564053344,0.101186311843838,0.946,0.0101078187557949,0.396643053884724,0.946
"asymmetric_mixture",-0.3,"ZeroRho",0,"OLS","PNIE",500,500,1,-0.103215325726308,0.00438713090529684,0.142329249760241,0.0980992293043393,0.0949160569673027,0.712,0.0202512221853398,0.372064106420931,0.712
"gaussian",-0.3,"ZeroRho",0,"OLS","PNIE",500,500,1,-0.113307673959981,0.00608362773121015,0.176937507719036,0.136034051567887,0.134872262929244,0.906,0.0130509769749241,0.528689555709471,0.906
"asymmetric_mixture",0,"ZeroRho",0,"OLS","PNIE",500,500,1,0.00303015540228678,0.00313575313823526,0.0701129286650772,0.0701175717775234,0.0722460068615161,0.946,0.0101078187557949,0.28319914295081,0.946
"gaussian",0,"ZeroRho",0,"OLS","PNIE",500,500,1,0.0043900062564358,0.0045671974895696,0.102117869721162,0.10212564053344,0.101186311843838,0.946,0.0101078187557949,0.396643053884724,0.946
"asymmetric_mixture",0.3,"ZeroRho",0,"OLS","PNIE",500,500,1,0.128219994372344,0.00220439534488506,0.137350598893062,0.0492917784044708,0.051843518668045,0.292,0.0203340109176719,0.203222858842396,0.292
"gaussian",0.3,"ZeroRho",0,"OLS","PNIE",500,500,1,0.12395067719724,0.00300566425492265,0.140967177621959,0.0672086959154829,0.0670647532625911,0.508,0.0223578174247846,0.262889002053487,0.508
"asymmetric_mixture",0.3,"CorrectRho",0.3,"OLS","PNIE",500,500,1,0.0109150248725625,0.00351801135526607,0.0793408048356165,0.078665125359911,0.0827680662321996,0.974,0.00711674082709214,0.324444857770274,0.974
"gaussian",0.3,"CorrectRho",0.3,"OLS","PNIE",500,500,1,0.0048362312417827,0.00437834643160055,0.0979243481096683,0.0979028025010246,0.0981153905204033,0.94,0.0106207344378814,0.384605263498146,0.94
"asymmetric_mixture",-0.3,"CorrectRho",-0.3,"Semiparametric","PNIE",500,498,0.996,0.000377048631532895,0.00294941742615396,0.0657539090325415,0.0658189444654266,0.0663462290201099,0.957831325301205,0.00900585235569042,0.260072438778923,0.954
"gaussian",-0.3,"CorrectRho",-0.3,"Semiparametric","PNIE",500,500,1,0.00501876542584134,0.00493723198723541,0.110403539773841,0.110399863441447,0.110833794287332,0.924,0.0118510759005248,0.434460490146183,0.924
"asymmetric_mixture",0,"CorrectRho",0,"Semiparametric","PNIE",500,500,1,0.0023805948394518,0.00221236663370017,0.0494778306580092,0.0494700218410596,0.0504196364585681,0.952,0.00955991631762538,0.197641343144792,0.952
"gaussian",0,"CorrectRho",0,"Semiparametric","PNIE",500,500,1,0.00313489262481755,0.0047142016513345,0.10535393898323,0.105412753520257,0.105416924680865,0.946,0.0101078187557949,0.413226751470934,0.946
"asymmetric_mixture",-0.3,"ZeroRho",0,"Semiparametric","PNIE",500,498,0.996,-0.118936811403202,0.00279495737524603,0.134269963548418,0.0623720273140308,0.0620669656716799,0.512048192771084,0.0223990300748734,0.243298034692353,0.51
"gaussian",-0.3,"ZeroRho",0,"Semiparametric","PNIE",500,500,1,-0.112803874695772,0.00632257922827862,0.180754649144114,0.141377169475592,0.140974482958379,0.894,0.0137669168661687,0.552609818675156,0.894
"asymmetric_mixture",0,"ZeroRho",0,"Semiparametric","PNIE",500,500,1,0.0023805948394518,0.00221236663370017,0.0494778306580092,0.0494700218410596,0.0504196364585681,0.952,0.00955991631762538,0.197641343144792,0.952
"gaussian",0,"ZeroRho",0,"Semiparametric","PNIE",500,500,1,0.00313489262481755,0.0047142016513345,0.10535393898323,0.105412753520257,0.105416924680865,0.946,0.0101078187557949,0.413226751470934,0.946
"asymmetric_mixture",0.3,"ZeroRho",0,"Semiparametric","PNIE",500,499,0.998,0.119962170468106,0.00176644311198076,0.126272888360152,0.0394593501297761,0.0390787555386827,0.158316633266533,0.0163413289502135,0.153185906832926,0.158
"gaussian",0.3,"ZeroRho",0,"Semiparametric","PNIE",500,500,1,0.124366981370836,0.00310452852531933,0.14239577465708,0.0694193682070119,0.0696123676657007,0.534,0.0223089219820232,0.272875467006668,0.534
"asymmetric_mixture",0.3,"CorrectRho",0.3,"Semiparametric","PNIE",500,499,0.998,0.000992132939047512,0.00196644276522273,0.0438941807979071,0.0439270039645263,0.0433893112039794,0.945891783567134,0.0101274955950964,0.1700829745476,0.944
"gaussian",0.3,"CorrectRho",0.3,"Semiparametric","PNIE",500,500,1,0.0053484349381046,0.00456855362130094,0.10219381179625,0.102155964560817,0.102507647507823,0.938,0.0107848041243223,0.401822594510522,0.938
"asymmetric_mixture",-0.3,"CorrectRho",-0.3,"OLS","TE",500,500,1,-0.0110857443463858,0.00648423172104968,0.145270365088116,0.144991829101275,0.142930722322342,0.95,0.00974679434480897,0.560278136072172,0.95
"gaussian",-0.3,"CorrectRho",-0.3,"OLS","TE",500,500,1,0.000214284179984511,0.00652354339421031,0.145725078512129,0.14587086483624,0.142334395121656,0.932,0.0112584190719657,0.557940576399477,0.932
"asymmetric_mixture",0,"CorrectRho",0,"OLS","TE",500,500,1,-0.00449020656776526,0.00572132280837957,0.127883524189732,0.127932667207567,0.134476978671132,0.964,0.0083311463797007,0.527140069890359,0.964
"gaussian",0,"CorrectRho",0,"OLS","TE",500,500,1,0.00147188698906783,0.00627645691952363,0.140213152989169,0.140345843299038,0.134825587535419,0.94,0.0106207344378814,0.528506591527747,0.94
"asymmetric_mixture",-0.3,"ZeroRho",0,"OLS","TE",500,500,1,-0.0110857443463858,0.00648423172104968,0.145270365088116,0.144991829101275,0.142930722322342,0.95,0.00974679434480897,0.560278136072172,0.95
"gaussian",-0.3,"ZeroRho",0,"OLS","TE",500,500,1,0.000214284179984511,0.00652354339421031,0.145725078512129,0.14587086483624,0.142334395121656,0.932,0.0112584190719657,0.557940576399477,0.932
"asymmetric_mixture",0,"ZeroRho",0,"OLS","TE",500,500,1,-0.00449020656776526,0.00572132280837957,0.127883524189732,0.127932667207567,0.134476978671132,0.964,0.0083311463797007,0.527140069890359,0.964
"gaussian",0,"ZeroRho",0,"OLS","TE",500,500,1,0.00147188698906783,0.00627645691952363,0.140213152989169,0.140345843299038,0.134825587535419,0.94,0.0106207344378814,0.528506591527747,0.94
"asymmetric_mixture",0.3,"ZeroRho",0,"OLS","TE",500,500,1,-0.00225306627199523,0.00554685377435377,0.123927810106785,0.124031421007063,0.125045722521659,0.96,0.00876356092008266,0.49017022512648,0.96
"gaussian",0.3,"ZeroRho",0,"OLS","TE",500,500,1,-0.000497562372115788,0.0053434050653717,0.119363664642727,0.119482169574878,0.125071306845883,0.962,0.0085505555375075,0.490270513834577,0.962
"asymmetric_mixture",0.3,"CorrectRho",0.3,"OLS","TE",500,500,1,-0.00225306627199523,0.00554685377435377,0.123927810106785,0.124031421007063,0.125045722521659,0.96,0.00876356092008266,0.49017022512648,0.96
"gaussian",0.3,"CorrectRho",0.3,"OLS","TE",500,500,1,-0.000497562372115788,0.0053434050653717,0.119363664642727,0.119482169574878,0.125071306845883,0.962,0.0085505555375075,0.490270513834577,0.962
"asymmetric_mixture",-0.3,"CorrectRho",-0.3,"Semiparametric","TE",500,498,0.996,-0.0113445765666072,0.00646856902005809,0.144652565983468,0.144352027395853,0.142907786058613,0.94578313253012,0.0101472490932225,0.560188227570473,0.942
"gaussian",-0.3,"CorrectRho",-0.3,"Semiparametric","TE",500,500,1,0.000168823501255706,0.00652727726941117,0.145808427152578,0.145954356823926,0.142445430268009,0.934,0.0111035129576184,0.558375826175218,0.934
"asymmetric_mixture",0,"CorrectRho",0,"Semiparametric","TE",500,500,1,-0.00436383993875697,0.00570372979037975,0.127486380944484,0.127539275365797,0.134497156639405,0.968,0.00787095928079926,0.527219166072553,0.968
"gaussian",0,"CorrectRho",0,"Semiparametric","TE",500,500,1,0.0014491695669756,0.00625673528909312,0.139772392105336,0.13990485423634,0.134896573226008,0.942,0.0104533248299285,0.528784850321693,0.942
"asymmetric_mixture",-0.3,"ZeroRho",0,"Semiparametric","TE",500,498,0.996,-0.0113445765666072,0.00646856902005809,0.144652565983468,0.144352027395853,0.142907786058613,0.94578313253012,0.0101472490932225,0.560188227570473,0.942
"gaussian",-0.3,"ZeroRho",0,"Semiparametric","TE",500,500,1,0.000168823501255706,0.00652727726941117,0.145808427152578,0.145954356823926,0.142445430268009,0.934,0.0111035129576184,0.558375826175218,0.934
"asymmetric_mixture",0,"ZeroRho",0,"Semiparametric","TE",500,500,1,-0.00436383993875697,0.00570372979037975,0.127486380944484,0.127539275365797,0.134497156639405,0.968,0.00787095928079926,0.527219166072553,0.968
"gaussian",0,"ZeroRho",0,"Semiparametric","TE",500,500,1,0.0014491695669756,0.00625673528909312,0.139772392105336,0.13990485423634,0.134896573226008,0.942,0.0104533248299285,0.528784850321693,0.942
"asymmetric_mixture",0.3,"ZeroRho",0,"Semiparametric","TE",500,499,0.998,-0.00214620172107746,0.00555967835953549,0.124087863490545,0.124193807040779,0.125029377102654,0.957915831663327,0.00898820102910739,0.490106152261358,0.956
"gaussian",0.3,"ZeroRho",0,"Semiparametric","TE",500,500,1,-0.000475734245767924,0.00533909826294964,0.119267369735092,0.119385866545064,0.125137631980889,0.962,0.0085505555375075,0.49053050358634,0.962
"asymmetric_mixture",0.3,"CorrectRho",0.3,"Semiparametric","TE",500,499,0.998,-0.00214620172107746,0.00555967835953549,0.124087863490545,0.124193807040779,0.125029377102654,0.957915831663327,0.00898820102910739,0.490106152261358,0.956
"gaussian",0.3,"CorrectRho",0.3,"Semiparametric","TE",500,500,1,-0.000475734245767924,0.00533909826294964,0.119267369735092,0.119385866545064,0.125137631980889,0.962,0.0085505555375075,0.49053050358634,0.962
"asymmetric_mixture",-0.3,"CorrectRho",-0.3,"OLS","TNDE",500,500,1,-0.0282648736435865,0.00642169950454904,0.146207992671139,0.143593566232484,0.14295455471892,0.952,0.00955991631762538,0.560371557350087,0.952
"gaussian",-0.3,"CorrectRho",-0.3,"OLS","TNDE",500,500,1,-0.00412007469137028,0.00614259001682782,0.137276908694667,0.137352488355386,0.138251591269053,0.954,0.00936845771725528,0.541936279385394,0.954
"asymmetric_mixture",0,"CorrectRho",0,"OLS","TNDE",500,500,1,-0.00752036197005208,0.00597394991386878,0.133659666890553,0.133581581015896,0.138457056805335,0.952,0.00955991631762538,0.542741689487747,0.952
"gaussian",0,"CorrectRho",0,"OLS","TNDE",500,500,1,-0.00291811926736819,0.00647146296607648,0.144590981903392,0.144706311060194,0.148844988355159,0.974,0.00711674082709214,0.58346163291079,0.974
"asymmetric_mixture",-0.3,"ZeroRho",0,"OLS","TNDE",500,500,1,0.0921295813799217,0.00600671579292636,0.162763928556416,0.134314248345049,0.13380101187176,0.9,0.0134164078649987,0.524490328727331,0.9
"gaussian",-0.3,"ZeroRho",0,"OLS","TNDE",500,500,1,0.113521958139966,0.00640048667910792,0.182563368765264,0.143119233035672,0.145563819772476,0.896,0.013651666564929,0.570599688412263,0.896
"asymmetric_mixture",0,"ZeroRho",0,"OLS","TNDE",500,500,1,-0.00752036197005208,0.00597394991386878,0.133659666890553,0.133581581015896,0.138457056805335,0.952,0.00955991631762538,0.542741689487747,0.952
"gaussian",0,"ZeroRho",0,"OLS","TNDE",500,500,1,-0.00291811926736819,0.00647146296607648,0.144590981903392,0.144706311060194,0.148844988355159,0.974,0.00711674082709214,0.58346163291079,0.974
"asymmetric_mixture",0.3,"ZeroRho",0,"OLS","TNDE",500,500,1,-0.130473060644339,0.00592176192779527,0.185800388735639,0.132414622171204,0.134809730425731,0.828,0.0168769665520792,0.528444432799972,0.828
"gaussian",0.3,"ZeroRho",0,"OLS","TNDE",500,500,1,-0.124448239569355,0.00600599178617357,0.182995248742606,0.134298059061895,0.141828473603006,0.858,0.0156099967969247,0.555957400488364,0.858
"asymmetric_mixture",0.3,"CorrectRho",0.3,"OLS","TNDE",500,500,1,-0.0131680911445576,0.00616000311260469,0.138232673994587,0.137741857013944,0.143057268011207,0.956,0.00917213170424412,0.560774186057317,0.956
"gaussian",0.3,"CorrectRho",0.3,"OLS","TNDE",500,500,1,-0.00533379361389849,0.00677035765749752,0.151332359450062,0.151389799541507,0.158979960199379,0.97,0.00762889244910426,0.623189992508787,0.97
"asymmetric_mixture",-0.3,"CorrectRho",-0.3,"Semiparametric","TNDE",500,498,0.996,-0.0117216251981401,0.00814797137504466,0.18202457787061,0.181829425256795,0.180740406923968,0.94578313253012,0.0101472490932225,0.708489376244183,0.942
"gaussian",-0.3,"CorrectRho",-0.3,"Semiparametric","TNDE",500,500,1,-0.00484994192458559,0.00627057081413818,0.140157879000424,0.140214225981392,0.141865560964764,0.956,0.00917213170424412,0.556102780275016,0.956
"asymmetric_mixture",0,"CorrectRho",0,"Semiparametric","TNDE",500,500,1,-0.00674443477820885,0.00641231868301837,0.143399041195812,0.14338380468621,0.149154832101567,0.954,0.00936845771725528,0.584676198078379,0.954
"gaussian",0,"CorrectRho",0,"Semiparametric","TNDE",500,500,1,-0.00168572305784194,0.00651206580849284,0.145478298066084,0.145614218217421,0.152088732594943,0.98,0.00626099033699941,0.596176876680864,0.98
"asymmetric_mixture",-0.3,"ZeroRho",0,"Semiparametric","TNDE",500,498,0.996,0.107592234836595,0.0076431164777129,0.2015178703108,0.170563126985171,0.169642559979709,0.897590361445783,0.0135861008946977,0.664986615610809,0.894
"gaussian",-0.3,"ZeroRho",0,"Semiparametric","TNDE",500,500,1,0.112972698197028,0.00665644615624007,0.186742228694925,0.1488426609392,0.151855921627384,0.908,0.01292563344676,0.595264274457618,0.908
"asymmetric_mixture",0,"ZeroRho",0,"Semiparametric","TNDE",500,500,1,-0.00674443477820885,0.00641231868301837,0.143399041195812,0.14338380468621,0.149154832101567,0.954,0.00936845771725528,0.584676198078379,0.954
"gaussian",0,"ZeroRho",0,"Semiparametric","TNDE",500,500,1,-0.00168572305784194,0.00651206580849284,0.145478298066084,0.145614218217421,0.152088732594943,0.98,0.00626099033699941,0.596176876680864,0.98
"asymmetric_mixture",0.3,"ZeroRho",0,"Semiparametric","TNDE",500,499,0.998,-0.122108372189184,0.00593621762407566,0.180164694209283,0.132605057069905,0.13097194528486,0.82565130260521,0.016984681835618,0.513400591486951,0.824
"gaussian",0.3,"ZeroRho",0,"Semiparametric","TNDE",500,500,1,-0.124842715616604,0.00607303814723465,0.184363006102293,0.135797261271661,0.143293681330253,0.86,0.0155177317930167,0.561700909238911,0.86
"asymmetric_mixture",0.3,"CorrectRho",0.3,"Semiparametric","TNDE",500,499,0.998,-0.00313833466012517,0.00566034647471299,0.126354783078874,0.126442562393698,0.124878468614364,0.963927855711423,0.00834752968810474,0.489514601857336,0.962
"gaussian",0.3,"CorrectRho",0.3,"Semiparametric","TNDE",500,500,1,-0.00582416918387259,0.0069226507796333,0.154749942685755,0.15479517727752,0.162085032305267,0.966,0.00810481338464989,0.635361651502668,0.966
"asymmetric_mixture",-0.3,"CorrectRho",-0.3,"OLS","TNIE",500,500,1,-0.00129973702893478,0.00181419824619401,0.04054695598087,0.0405667060315072,0.0393430143237744,0.894,0.0137669168661687,0.154221782235683,0.894
"gaussian",-0.3,"CorrectRho",-0.3,"OLS","TNIE",500,500,1,0.000421567555798896,0.00191604705672507,0.0428033251590681,0.0428441146692564,0.0402345843190875,0.91,0.0127984374046209,0.157716672396703,0.91
"asymmetric_mixture",0,"CorrectRho",0,"OLS","TNIE",500,500,1,0.00742835558848767,0.00214079169586485,0.04839516525652,0.0478695575762086,0.0469487167860285,0.914,0.0125382614424808,0.184035588041974,0.914
"gaussian",0,"CorrectRho",0,"OLS","TNIE",500,500,1,0.00200300287576356,0.00192233895522847,0.0429884887249594,0.0429848057968677,0.0416511481925109,0.922,0.0119929979571415,0.163269500744124,0.922
"asymmetric_mixture",-0.3,"ZeroRho",0,"OLS","TNIE",500,500,1,-0.119694135083612,0.00155546226721709,0.124635460214649,0.0347811936593337,0.0363448195174511,0.084,0.0124051602166195,0.142469074557625,0.084
"gaussian",-0.3,"ZeroRho",0,"OLS","TNIE",500,500,1,-0.117792244478005,0.00144990082705066,0.122163893401033,0.0324207680991844,0.0339476332388389,0.052,0.00992935043192655,0.133072277016998,0.052
"asymmetric_mixture",0,"ZeroRho",0,"OLS","TNIE",500,500,1,0.00742835558848767,0.00214079169586485,0.04839516525652,0.0478695575762086,0.0469487167860285,0.914,0.0125382614424808,0.184035588041974,0.914
"gaussian",0,"ZeroRho",0,"OLS","TNIE",500,500,1,0.00200300287576356,0.00192233895522847,0.0429884887249594,0.0429848057968677,0.0416511481925109,0.922,0.0119929979571415,0.163269500744124,0.922
"asymmetric_mixture",0.3,"ZeroRho",0,"OLS","TNIE",500,500,1,0.117923462531643,0.00350425281852088,0.141539948903804,0.0783574751255793,0.0812575313449152,0.806,0.0176841171676734,0.318523669817337,0.806
"gaussian",0.3,"ZeroRho",0,"OLS","TNIE",500,500,1,0.119305533117236,0.00300124050875754,0.136852201602678,0.0671097779440792,0.067905221819876,0.634,0.0215427017804174,0.266183578258321,0.634
"asymmetric_mixture",0.3,"CorrectRho",0.3,"OLS","TNIE",500,500,1,0.0020734172298996,0.00241998940059599,0.054098216789546,0.054112608045616,0.0544444163838884,0.886,0.0142129518397833,0.213418190543447,0.886
"gaussian",0.3,"CorrectRho",0.3,"OLS","TNIE",500,500,1,0.000159723221533169,0.00193210195873255,0.0431601840009706,0.0432031131918648,0.0443749084784645,0.934,0.0111035129576184,0.173946444870103,0.934
"asymmetric_mixture",-0.3,"CorrectRho",-0.3,"Semiparametric","TNIE",500,498,0.996,0.000389372183920988,0.00143987178379475,0.0321021384851609,0.0321320543286078,0.0332048340270141,0.943775100401606,0.0103224771574342,0.130160557611155,0.94
"gaussian",-0.3,"CorrectRho",-0.3,"Semiparametric","TNIE",500,500,1,0.000484436539293647,0.00196158906478326,0.0438212582731276,0.0438624649277561,0.0411213581881965,0.916,0.0124051602166195,0.161192762088473,0.916
"asymmetric_mixture",0,"CorrectRho",0,"Semiparametric","TNIE",500,500,1,0.00262318718962122,0.00153736918191182,0.0344422648467898,0.0343766199726807,0.0342407558844355,0.942,0.0104533248299285,0.134221296673843,0.942
"gaussian",0,"CorrectRho",0,"Semiparametric","TNIE",500,500,1,0.00214050974419032,0.00194227288862805,0.0434398589424603,0.043430542098272,0.0426068937911653,0.918,0.0122699633251286,0.167015954647614,0.918
"asymmetric_mixture",-0.3,"ZeroRho",0,"Semiparametric","TNIE",500,498,0.996,-0.119266849774272,0.00136271874055494,0.123075227527358,0.0304103136813501,0.0312467183303418,0.0622489959839357,0.0108266793111035,0.122484885125075,0.062
"gaussian",-0.3,"ZeroRho",0,"Semiparametric","TNIE",500,500,1,-0.117732760396281,0.00147484807183411,0.122255536116732,0.0329786054510556,0.034318350349094,0.056,0.0102824121683582,0.134525461386104,0.056
"asymmetric_mixture",0,"ZeroRho",0,"Semiparametric","TNIE",500,500,1,0.00262318718962122,0.00153736918191182,0.0344422648467898,0.0343766199726807,0.0342407558844355,0.942,0.0104533248299285,0.134221296673843,0.942
"gaussian",0,"ZeroRho",0,"Semiparametric","TNIE",500,500,1,0.00214050974419032,0.00194227288862805,0.0434398589424603,0.043430542098272,0.0426068937911653,0.918,0.0122699633251286,0.167015954647614,0.918
"asymmetric_mixture",0.3,"ZeroRho",0,"Semiparametric","TNIE",500,499,0.998,0.116437975985104,0.00177907658709196,0.123020440479912,0.0397415605867038,0.0396567756196156,0.110220440881764,0.0140191606138106,0.155451703914865,0.11
"gaussian",0.3,"ZeroRho",0,"Semiparametric","TNIE",500,500,1,0.119234422381329,0.00316903666832093,0.138665790264885,0.0708618141355505,0.0703922600973579,0.672,0.020995999618975,0.275932589162395,0.672
"asymmetric_mixture",0.3,"CorrectRho",0.3,"Semiparametric","TNIE",500,499,0.998,-0.00211064399045722,0.00180542031758799,0.0403448509055108,0.0403300349498559,0.0399470309220478,0.927855711422846,0.0115821964650757,0.156589483793043,0.926
"gaussian",0.3,"CorrectRho",0.3,"Semiparametric","TNIE",500,500,1,7.97687064572961e-05,0.00197529999171942,0.0441249315198632,0.044169050574394,0.0450760592311405,0.932,0.0112584190719657,0.176694905316059,0.932
