"Rho","Effect","Estimate","StdError","Lower","Upper","Method"
-0.8,"PNIE",0.0537029675372023,0.0441984115209083,-0.0329243272176581,0.140330262292063,"OLS"
-0.8,"TNIE",0.0534395842643776,0.0437937930824152,-0.0323946729235555,0.139273841452311,"OLS"
-0.8,"PNDE",-0.0997222672503365,0.0664374395218573,-0.229937255938235,0.0304927214375618,"OLS"
-0.8,"TNDE",-0.0999856505231612,0.0678467683846501,-0.232962873024506,0.0329915719781838,"OLS"
-0.8,"TE",-0.0462826829859589,0.041431814519957,-0.127487547259218,0.0349221812873005,"OLS"
-0.78,"PNIE",0.0494460050306328,0.0406956023457913,-0.0303159098962818,0.129207919957547,"OLS"
-0.78,"TNIE",0.0492772607523068,0.0403870317065796,-0.0298798668350665,0.12843438833968,"OLS"
-0.78,"PNDE",-0.0955599437382657,0.063767086155835,-0.220541136002765,0.0294212485262337,"OLS"
-0.78,"TNDE",-0.0957286880165917,0.0650452353589518,-0.223215006686068,0.031757630652885,"OLS"
-0.78,"TE",-0.0462826829859589,0.041431814519957,-0.127487547259218,0.0349221812873005,"OLS"
-0.76,"PNIE",0.0456697535089951,0.0375896139298288,-0.0280045359862345,0.119344043004225,"OLS"
-0.76,"TNIE",0.0455849612613554,0.0373656398736908,-0.0276503471503724,0.118820269673083,"OLS"
-0.76,"PNDE",-0.0918676442473143,0.0614596602196022,-0.212326364779804,0.0285910762851751,"OLS"
-0.76,"TNDE",-0.091952436494954,0.0626199460790691,-0.21468527552377,0.0307804025338616,"OLS"
-0.76,"TE",-0.0462826829859589,0.041431814519957,-0.127487547259218,0.0349221812873005,"OLS"
-0.74,"PNIE",0.0422807477780478,0.0348034298454825,-0.0259327212575644,0.11049421681366,"OLS"
-0.74,"TNIE",0.0422712984760488,0.0346547586720906,-0.0256507804141759,0.110193377366273,"OLS"
-0.74,"PNDE",-0.0885539814620077,0.0594437683922133,-0.205061626616086,0.0279536636920707,"OLS"
-0.74,"TNDE",-0.0885634307640067,0.0604971224960752,-0.207135612024622,0.0300087504966086,"OLS"
-0.74,"TE",-0.0462826829859589,0.041431814519957,-0.127487547259218,0.0349221812873005,"OLS"
-0.72,"PNIE",0.0392091278704824,0.0322795079798202,-0.0240575452086385,0.102475800949603,"OLS"
-0.72,"TNIE",0.039267965526399,0.032198446668979,-0.0238398303029334,0.102375761355731,"OLS"
-0.72,"PNDE",-0.0855506485123579,0.0576662891062867,-0.198574498282754,0.0274732012580385,"OLS"
-0.72,"TNDE",-0.0854918108564413,0.0586218482901057,-0.200388522212219,0.0294049004993367,"OLS"
-0.72,"TE",-0.0462826829859589,0.041431814519957,-0.127487547259218,0.0349221812873005,"OLS"
-0.7,"PNIE",0.0364014599926293,0.0299738621679107,-0.0223462303340433,0.0951491503193019,"OLS"
-0.7,"TNIE",0.0365227165362942,0.0299539285682676,-0.0221859046529958,0.0952313377255841,"OLS"
-0.7,"PNDE",-0.0828053995222531,0.056086780898187,-0.192733470091489,0.0271226710469825,"OLS"
-0.7,"TNDE",-0.0826841429785882,0.0569523001232187,-0.194308600056813,0.0289403140996365,"OLS"
-0.7,"TE",-0.0462826829859589,0.041431814519957,-0.127487547259218,0.0349221812873005,"OLS"
-0.68,"PNIE",0.0338160603278662,0.027852208325316,-0.0207732648796598,0.0884053855353922,"OLS"
-0.68,"TNIE",0.0339947943861375,0.0278878495075601,-0.0206643862549534,0.0886539750272285,"OLS"
-0.68,"PNDE",-0.0802774773720965,0.0546738485520763,-0.187436251430363,0.0268812966861705,"OLS"
-0.68,"TNDE",-0.0800987433138251,0.0554559979443622,-0.188790502011502,0.0285930153838521,"OLS"
-0.68,"TE",-0.0462826829859589,0.041431814519957,-0.127487547259218,0.0349221812873005,"OLS"
-0.66,"PNIE",0.0314198510814857,0.02588737478975,-0.0193184711607144,0.0821581733236857,"OLS"
-0.66,"TNIE",0.0316518566527985,0.0259737573448025,-0.0192557722861971,0.0825594855917942,"OLS"
-0.66,"PNDE",-0.0779345396387574,0.053402705552611,-0.182601919198872,0.0267328399213573,"OLS"
-0.66,"TNDE",-0.0777025340674446,0.054107289234769,-0.183750872268684,0.0283458041337944,"OLS"
-0.66,"TE",-0.0462826829859589,0.041431814519957,-0.127487547259218,0.0349221812873005,"OLS"
-0.64,"PNIE",0.0291861882377296,0.0240575148303441,-0.0179656743872831,0.0763380508627424,"OLS"
-0.64,"TNIE",0.0294678516590367,0.0241903638966183,-0.0179443903512531,0.0768800936693265,"OLS"
-0.64,"PNDE",-0.0757505346449956,0.0522534937978738,-0.178165500555215,0.0266644312652241,"OLS"
-0.64,"TNDE",-0.0754688712236885,0.0528856144612853,-0.179122770868078,0.0281850284207013,"OLS"
-0.64,"TE",-0.0462826829859589,0.041431814519957,-0.127487547259218,0.0349221812873005,"OLS"
-0.62,"PNIE",0.0270933246224436,0.0223448441947783,-0.0167017652394807,0.0708884144843679,"OLS"
-0.62,"TNIE",0.0274215157046985,0.0225203157058084,-0.0167174919991577,0.0715605234085548,"OLS"
-0.62,"PNDE",-0.0737041986906574,0.0512100974961297,-0.174074145427856,0.0266657480465416,"OLS"
-0.62,"TNDE",-0.0733760076084025,0.0517742824246967,-0.174851736486213,0.0280997212694081,"OLS"
-0.62,"TE",-0.0462826829859589,0.041431814519957,-0.127487547259218,0.0349221812873005,"OLS"
-0.6,"PNIE",0.0251232995268935,0.0207347319649368,-0.015516028353474,0.065762627407261,"OLS"
-0.6,"TNIE",0.0254952873759493,0.0209493072559191,-0.0155646003467158,0.0665551750986144,"OLS"
-0.6,"PNDE",-0.0717779703619082,0.0502592882647678,-0.17028436524947,0.0267284245256533,"OLS"
-0.6,"TNDE",-0.0714059825128524,0.0507595873957081,-0.170892945678554,0.0280809806528487,"OLS"
-0.6,"TE",-0.0462826829859589,0.041431814519957,-0.127487547259218,0.0349221812873005,"OLS"
-0.58,"PNIE",0.0232611215267219,0.0192150353335344,-0.01439965568867,0.0609218987421138,"OLS"
-0.58,"TNIE",0.0236745085314531,0.0194654300219321,-0.0144770332551186,0.0618260503180248,"OLS"
-0.58,"PNDE",-0.069957191517412,0.0493900974687906,-0.166760003749164,0.0268456207143404,"OLS"
-0.58,"TNDE",-0.0695438045126808,0.049830160791668,-0.16720912500819,0.0281215159828284,"OLS"
-0.58,"TE",-0.0462826829859589,0.041431814519957,-0.127487547259218,0.0349221812873005,"OLS"
-0.56,"PNIE",0.0214941570635006,0.0177756070650778,-0.0133453925873876,0.0563337067143889,"OLS"
-0.56,"TNIE",0.0219468264767228,0.0180586876609909,-0.0134475509468771,0.0573412039003228,"OLS"
-0.56,"PNDE",-0.0682295094626817,0.048593347750961,-0.163470720942796,0.0270117020174321,"OLS"
-0.56,"TNDE",-0.0677768400494595,0.0489764871868141,-0.163768991024902,0.0282153109259835,"OLS"
-0.56,"TE",-0.0462826829859589,0.041431814519957,-0.127487547259218,0.0349221812873005,"OLS"
-0.54,"PNIE",0.0198116661391846,0.0164079285578374,-0.012347282895083,0.0519706151734522,"OLS"
-0.54,"TNIE",0.020301739980819,0.0167206308780465,-0.0124700943389405,0.0530735743005785,"OLS"
-0.54,"PNDE",-0.0665844229667779,0.0478612981796488,-0.160390843652222,0.0272219977186661,"OLS"
-0.54,"TNDE",-0.0660943491251435,0.0481905376294397,-0.160546067274468,0.0283573690241805,"OLS"
-0.54,"TE",-0.0462826829859589,0.041431814519957,-0.127487547259218,0.0349221812873005,"OLS"
-0.52,"PNIE",0.0182044449641721,0.0151048373262906,-0.0114004921876937,0.0478093821160379,"OLS"
-0.52,"TNIE",0.0187302498689074,0.0154440805795147,-0.0115395918412758,0.0490000915790907,"OLS"
-0.52,"PNDE",-0.0650129328548663,0.0471873718581652,-0.157498482221969,0.0274726165122363,"OLS"
-0.52,"TNDE",-0.064487127950131,0.0474654881122488,-0.157517775158753,0.0285435192584907,"OLS"
-0.52,"TE",-0.0462826829859589,0.041431814519957,-0.127487547259218,0.0349221812873005,"OLS"
-0.5,"PNIE",0.0166645475463855,0.013860328789065,-0.0105011976940656,0.0438302927868366,"OLS"
-0.5,"TNIE",0.0172245868008539,0.0142229180790685,-0.0106518203891841,0.0451009939908918,"OLS"
-0.5,"PNDE",-0.0635072697868128,0.0465659442977994,-0.154774843516598,0.0277603039429723,"OLS"
-0.5,"TNDE",-0.0629472305323444,0.046795500800328,-0.154664726739502,0.0287702656748137,"OLS"
-0.5,"TE",-0.0462826829859589,0.041431814519957,-0.127487547259218,0.0349221812873005,"OLS"
-0.48,"PNIE",0.0151850663507012,0.0126694206803329,-0.00964654188773828,0.0400166745891406,"OLS"
-0.48,"TNIE",0.0157779968069415,0.0130519283262385,-0.00980331264128405,0.041359306255167,"OLS"
-0.48,"PNDE",-0.0620606797929004,0.0459921771881947,-0.152203690652347,0.0280823310665459,"OLS"
-0.48,"TNDE",-0.06146774933666,0.0461755521540067,-0.151970168524764,0.0290346698514439,"OLS"
-0.48,"TE",-0.0462826829859589,0.041431814519957,-0.127487547259218,0.0349221812873005,"OLS"
-0.46,"PNIE",0.0137599577163088,0.0115280758713126,-0.00883465580250906,0.0363545712351267,"OLS"
-0.46,"TNIE",0.0143845705864774,0.0119266877262592,-0.00899130781184644,0.0377604489848013,"OLS"
-0.46,"PNDE",-0.0606672535724363,0.0454618865152187,-0.149770913811512,0.0284364066666394,"OLS"
-0.46,"TNDE",-0.0600426407022677,0.0456012965382396,-0.149419539565548,0.0293342581610129,"OLS"
-0.46,"TE",-0.0462826829859589,0.041431814519957,-0.127487547259218,0.0349221812873005,"OLS"
-0.44,"PNIE",0.0123839015778334,0.0104331875369686,-0.00806477023857716,0.0328325733942439,"OLS"
-0.44,"TNIE",0.0130391063475355,0.0108434931854705,-0.00821374976259211,0.0342919624576632,"OLS"
-0.44,"PNDE",-0.0593217893334945,0.0449714369688488,-0.147464186125451,0.0288206074584623,"OLS"
-0.44,"TNDE",-0.0586665845637923,0.0450689569984489,-0.147000117101536,0.0296669479739519,"OLS"
-0.44,"TE",-0.0462826829859589,0.041431814519957,-0.127487547259218,0.0349221812873005,"OLS"
-0.42,"PNIE",0.0110521877554366,0.00938264161852269,-0.00733745189671447,0.0294418274075877,"OLS"
-0.42,"TNIE",0.0117369986250086,0.00979933471458148,-0.00746934448802418,0.0309433417380414,"OLS"
-0.42,"PNDE",-0.0580196816109675,0.0445176566899658,-0.145272685399419,0.029233322177484,"OLS"
-0.42,"TNDE",-0.0573348707413955,0.0445752370569229,-0.1447007299753,0.0300309884925085,"OLS"
-0.42,"TE",-0.0462826829859589,0.041431814519957,-0.127487547259218,0.0349221812873005,"OLS"
-0.4,"PNIE",0.00976062302285536,0.0083754890198542,-0.00665503380896955,0.0261762798546803,"OLS"
-0.4,"TNIE",0.0104741474146707,0.00879192197929556,-0.00675770301963468,0.0277059978489761,"OLS"
-0.4,"PNDE",-0.0567568304006296,0.0440977679086475,-0.143186867300185,0.0296732064989257,"OLS"
-0.4,"TNDE",-0.0560433060088143,0.0441172489361429,-0.142511525020642,0.0304249130030139,"OLS"
-0.4,"TE",-0.0462826829859589,0.041431814519957,-0.127487547259218,0.0349221812873005,"OLS"
-0.38,"PNIE",0.00850545456972862,0.00741229049590696,-0.00602236784519754,0.0230332769846548,"OLS"
-0.38,"TNIE",0.00924688333705751,0.00781978879804584,-0.00607962107382209,0.0245733877479371,"OLS"
-0.38,"PNDE",-0.0555295663230164,0.0437093301140224,-0.141198279134872,0.0301391464888394,"OLS"
-0.38,"TNDE",-0.0547881375556875,0.0436924547381538,-0.140423775238615,0.0308475001272402,"OLS"
-0.38,"TE",-0.0462826829859589,0.041431814519957,-0.127487547259218,0.0349221812873005,"OLS"
-0.36,"PNIE",0.0072833065058516,0.00649575280945606,-0.00544813505315714,0.0200147480648603,"OLS"
-0.36,"TNIE",0.00805190555333104,0.00688252541359201,-0.00543759637999094,0.021541407486653,"OLS"
-0.36,"PNDE",-0.0543345885392899,0.0433501931917163,-0.139299405917907,0.0306302288393274,"OLS"
-0.36,"TNDE",-0.0535659894918105,0.0432986179309743,-0.13842972121688,0.0312977422332593,"OLS"
-0.36,"TE",-0.0462826829859589,0.041431814519957,-0.127487547259218,0.0349221812873005,"OLS"
-0.34,"PNIE",0.00609112681908773,0.00563187549649862,-0.0049471463194632,0.0171293999576387,"OLS"
-0.34,"TNIE",0.00688622990240094,0.00598124127581825,-0.00483678758104724,0.0186092473858491,"OLS"
-0.34,"PNDE",-0.0531689128883598,0.0430184585540789,-0.137483542324783,0.0311457165480637,"OLS"
-0.34,"TNDE",-0.0523738098050466,0.0429337631014561,-0.136522439204675,0.0317748195945819,"OLS"
-0.34,"TE",-0.0462826829859589,0.041431814519957,-0.127487547259218,0.0349221812873005,"OLS"
-0.32,"PNIE",0.00492614277063254,0.00483199301577016,-0.00454438951382606,0.0143966750550911,"OLS"
-0.32,"TNIE",0.00574714528782204,0.00511947546011571,-0.00428684223374137,0.0157811328093855,"OLS"
-0.32,"PNDE",-0.0520298282737809,0.0427124467290148,-0.135744685554236,0.0316850290066737,"OLS"
-0.32,"TNDE",-0.0512088257565914,0.0425961423890931,-0.134695730719554,0.032278079206371,"OLS"
-0.32,"TE",-0.0462826829859589,0.041431814519957,-0.127487547259218,0.0349221812873005,"OLS"
-0.3,"PNIE",0.00378582314356958,0.00411626596306263,-0.00428190989482125,0.0118535561819604,"OLS"
-0.3,"TNIE",0.00463217676562454,0.00430502665790189,-0.00380552043634799,0.0130698739675971,"OLS"
-0.3,"PNDE",-0.0509148597515834,0.042430670206051,-0.13407744519534,0.0322477256921731,"OLS"
-0.3,"TNDE",-0.0500685061295285,0.042284207359053,-0.132944029668096,0.0328070174090389,"OLS"
-0.3,"TE",-0.0462826829859589,0.041431814519957,-0.127487547259218,0.0349221812873005,"OLS"
-0.28,"PNIE",0.00266784609022234,0.00351880494890767,-0.00422888487825799,0.00956457705870267,"OLS"
-0.28,"TNIE",0.0035390541064699,0.00355372636835893,-0.00342612158642391,0.0105042297993637,"OLS"
-0.28,"PNDE",-0.0498217370924288,0.0421718105919477,-0.132476967015491,0.0328334928306335,"OLS"
-0.28,"TNDE",-0.0489505290761812,0.0419965853347631,-0.13126232380598,0.0333612656536173,"OLS"
-0.28,"TE",-0.0462826829859589,0.041431814519957,-0.127487547259218,0.0349221812873005,"OLS"
-0.26,"PNIE",0.0015700715771507,0.00309149285363242,-0.0044891430744318,0.00762928622873319,"OLS"
-0.26,"TNIE",0.0024656848532386,0.00289710137922115,-0.00321252950959618,0.00814389921607337,"OLS"
-0.26,"PNDE",-0.0487483678391975,0.0419346993232156,-0.130938868215216,0.0334421325368213,"OLS"
-0.26,"TNDE",-0.0478527545631096,0.0417320594119159,-0.129646088011151,0.0339405788849313,"OLS"
-0.26,"TE",-0.0462826829859589,0.041431814519957,-0.127487547259218,0.0349221812873005,"OLS"
-0.24,"PNIE",0.000490517622879635,0.00289455322820957,-0.00518270245574526,0.00616373770150453,"OLS"
-0.24,"TNIE",0.00141013108703159,0.00239520025768418,-0.00328437515379045,0.00610463732785364,"OLS"
-0.24,"PNDE",-0.0476928140729905,0.0417183013341253,-0.129459182184065,0.0340735540380844,"OLS"
-0.24,"TNDE",-0.0467732006088385,0.0414895515320216,-0.12809122734632,0.0345448261286425,"OLS"
-0.24,"TE",-0.0462826829859589,0.041431814519957,-0.127487547259218,0.0349221812873005,"OLS"
-0.22,"PNIE",-0.000572660323484951,0.00296091965375897,-0.00637595620596934,0.00523063555899944,"OLS"
-0.22,"TNIE",0.000370589264232074,0.00214098374423184,-0.00382566176594805,0.0045668402944122,"OLS"
-0.22,"PNDE",-0.046653272250191,0.0415217011969835,-0.128034311173112,0.0347277666727303,"OLS"
-0.22,"TNDE",-0.045710022662474,0.041268108115774,-0.126594028279496,0.0351739829545482,"OLS"
-0.22,"TE",-0.0462826829859589,0.041431814519957,-0.127487547259218,0.0349221812873005,"OLS"
-0.2,"PNIE",-0.00162118739444635,0.00326441834681574,-0.00801932978467697,0.00477695499578427,"OLS"
-0.2,"TNIE",-0.000654627395245244,0.00220640664042148,-0.00497910494572136,0.00366985015523087,"OLS"
-0.2,"PNDE",-0.0456280555907137,0.0413440913445233,-0.126660985599513,0.0354048744180862,"OLS"
-0.2,"TNDE",-0.0446614955915125,0.041066887852702,-0.125151116739954,0.0358281255569287,"OLS"
-0.2,"TE",-0.0462826829859589,0.041431814519957,-0.127487547259218,0.0349221812873005,"OLS"
-0.18,"PNIE",-0.00265668514395869,0.00374035408023879,-0.00998764443065416,0.00467427414273677,"OLS"
-0.18,"TNIE",-0.00166710439565109,0.0025563147352999,-0.00667738920998793,0.00334318041868576,"OLS"
-0.18,"PNDE",-0.0446155785903078,0.04118476205813,-0.125336228936094,0.0361050717554786,"OLS"
-0.18,"TNDE",-0.0436259978420002,0.0408851513199376,-0.123759421931548,0.0365074262475478,"OLS"
-0.18,"TE",-0.0462826829859589,0.041431814519957,-0.127487547259218,0.0349221812873005,"OLS"
-0.16,"PNIE",-0.00368068557653052,0.0043268451841845,-0.0121611463042127,0.00479977515115167,"OLS"
-0.16,"TNIE",-0.0026683396826161,0.00308818315434167,-0.00872106744278908,0.00338438807755688,"OLS"
-0.16,"PNDE",-0.0436143433033428,0.0410430929646905,-0.124057327328266,0.0368286407215799,"OLS"
-0.16,"TNDE",-0.0426019974094284,0.0407222521640064,-0.122416145020239,0.0372121502013824,"OLS"
-0.16,"TE",-0.0462826829859589,0.041431814519957,-0.127487547259218,0.0349221812873005,"OLS"
-0.14,"PNIE",-0.00469464366728893,0.00498117859373607,-0.0144575743115735,0.00506828697699564,"OLS"
-0.14,"TNIE",-0.00365975588487417,0.00371972839728539,-0.0109502895758244,0.00363077780607609,"OLS"
-0.14,"PNDE",-0.0426229271010847,0.0409185458324766,-0.12282180323249,0.0375759490303209,"OLS"
-0.14,"TNDE",-0.04158803931867,0.0405776296287773,-0.121118731969079,0.0379426533317389,"OLS"
-0.14,"TE",-0.0462826829859589,0.041431814519957,-0.127487547259218,0.0349221812873005,"OLS"
-0.12,"PNIE",-0.00569994862686476,0.00567728321696218,-0.0168272192621443,0.00542732200841482,"OLS"
-0.12,"TNIE",-0.00464271132871149,0.0044048401066828,-0.0132760392954673,0.00399061663804436,"OLS"
-0.12,"PNDE",-0.0416399716572474,0.0408106584951642,-0.121627392493133,0.038347449178638,"OLS"
-0.12,"TNDE",-0.0405827343590941,0.040450802252736,-0.119864849920208,0.03869938120202,"OLS"
-0.12,"TE",-0.0462826829859589,0.041431814519957,-0.127487547259218,0.0349221812873005,"OLS"
-0.1,"PNIE",-0.00669793412671817,0.00639975496878627,-0.0192412233754205,0.00584535512198418,"OLS"
-0.1,"TNIE",-0.00561851003596697,0.00511976818062407,-0.0156530712791843,0.00441605120725037,"OLS"
-0.1,"PNDE",-0.0406641729499919,0.0407190397648394,-0.120472024374131,0.0391436784741475,"OLS"
-0.1,"TNDE",-0.0395847488592407,0.0403413625915707,-0.118652366625991,0.0394828689075093,"OLS"
-0.1,"TE",-0.0462826829859589,0.041431814519957,-0.127487547259218,0.0349221812873005,"OLS"
-0.0800000000000001,"PNIE",-0.00768988766998451,0.00713947834346784,-0.0216830080915852,0.00630323275161613,"OLS"
-0.0800000000000001,"TNIE",-0.00658841088654945,0.00585215482819466,-0.0180584235817632,0.00488160180866427,"OLS"
-0.0800000000000001,"PNDE",-0.0396942720994095,0.0406433652211323,-0.119353804143337,0.0399652599445176,"OLS"
-0.0800000000000001,"TNDE",-0.0385927953159744,0.0402489728492647,-0.117479332515264,0.0402937418833148,"OLS"
-0.0800000000000001,"TE",-0.0462826829859589,0.041431814519957,-0.127487547259218,0.0349221812873005,"OLS"
-0.06,"PNIE",-0.00867705926863147,0.00789101567854785,-0.0241431658000261,0.0067890472627632,"OLS"
-0.06,"TNIE",-0.00755363610268788,0.00659538783937342,-0.0204803587319332,0.00537308652655745,"OLS"
-0.06,"PNDE",-0.038729046883271,0.040583373785667,-0.118270997874305,0.0408129041077632,"OLS"
-0.06,"TNDE",-0.0376056237173274,0.0401733613236965,-0.116343965049687,0.041132717615032,"OLS"
-0.06,"TE",-0.0462826829859589,0.041431814519957,-0.127487547259218,0.0349221812873005,"OLS"
-0.04,"PNIE",-0.00966066956856645,0.00865112416110108,-0.0266165613501088,0.00729522221297594,"OLS"
-0.04,"TNIE",-0.00851537919340484,0.00734587420642236,-0.0229130280729544,0.00588226968614473,"OLS"
-0.04,"PNDE",-0.0377673037925541,0.0405388650097495,-0.117222019185794,0.0416874116006858,"OLS"
-0.04,"TNDE",-0.0366220134173924,0.0401143195921341,-0.115244635082305,0.0420006082475198,"OLS"
-0.04,"TE",-0.0462826829859589,0.041431814519957,-0.127487547259218,0.0349221812873005,"OLS"
-0.02,"PNIE",-0.0106419175494716,0.00941791089386335,-0.0291006837110512,0.00781684861210798,"OLS"
-0.02,"TNIE",-0.00947481248317203,0.00810169260439008,-0.0253538382015911,0.00640421323524703,"OLS"
-0.02,"PNDE",-0.0368078705027869,0.0405096970193962,-0.116205417685433,0.0425896766798592,"OLS"
-0.02,"TNDE",-0.0356407654364873,0.0400717003787562,-0.114179854978129,0.0428983241051549,"OLS"
-0.02,"TE",-0.0462826829859589,0.041431814519957,-0.127487547259218,0.0349221812873005,"OLS"
0,"PNIE",-0.011621987914932,0.0101903412193218,-0.0315946896949767,0.00835071386511256,"OLS"
0,"TNIE",-0.0104330943377442,0.00886189647158618,-0.0278020922567757,0.00693590358128725,"OLS"
0,"PNDE",-0.0358495886482147,0.0404957850760618,-0.11521986892297,0.043520691626541,"OLS"
0,"TNDE",-0.0346606950710269,0.0400454160610896,-0.113148268296684,0.0438268781546305,"OLS"
0,"TE",-0.0462826829859589,0.041431814519957,-0.127487547259218,0.0349221812873005,"OLS"
0.02,"PNIE",-0.0126020582803925,0.0109679450053985,-0.0340988354753896,0.00889471891460459,"OLS"
0.02,"TNIE",-0.0113913761923165,0.00962613613616566,-0.0302582563294807,0.00747550394484779,"OLS"
0.02,"PNDE",-0.0348913067936424,0.0404971007242704,-0.114264165691503,0.0444815521042184,"OLS"
0.02,"TNDE",-0.0336806247055664,0.0400354377855482,-0.112148640870535,0.044787391459402,"OLS"
0.02,"TE",-0.0462826829859589,0.041431814519957,-0.127487547259218,0.0349221812873005,"OLS"
0.0399999999999999,"PNIE",-0.0135833062612976,0.0117506366300851,-0.0366141308516816,0.00944751832908635,"OLS"
0.0399999999999999,"TNIE",-0.0123508094820836,0.010394445048874,-0.0327235474171574,0.00802192845299016,"OLS"
0.0399999999999999,"PNDE",-0.0339318735038753,0.0405136715092437,-0.113337210543479,0.0454734635357288,"OLS"
0.0399999999999999,"TNDE",-0.0326993767246613,0.0400417951745713,-0.111179853143151,0.0457810996938283,"OLS"
0.0399999999999999,"TE",-0.0462826829859589,0.041431814519957,-0.127487547259218,0.0349221812873005,"OLS"
0.0599999999999999,"PNIE",-0.0145669165612326,0.0125386021801765,-0.0391421252508539,0.0100082921283887,"OLS"
0.0599999999999999,"TNIE",-0.0133125525728006,0.0111671145330686,-0.0351996948688488,0.00857458972324758,"OLS"
0.0599999999999999,"PNDE",-0.0329701304131583,0.0405455812589512,-0.112438009412945,0.0464977485866283,"OLS"
0.0599999999999999,"TNDE",-0.0317157664247263,0.0400645766195858,-0.11024089365496,0.0468093608055073,"OLS"
0.0599999999999999,"TE",-0.0462826829859589,0.041431814519957,-0.127487547259218,0.0349221812873005,"OLS"
0.08,"PNIE",-0.0155540881598796,0.0133322275876715,-0.0416847740654071,0.0105765977456479,"OLS"
0.08,"TNIE",-0.014277777788939,0.0119446184569388,-0.0376887997736114,0.00913324419573332,"OLS"
0.08,"PNDE",-0.0320049051970199,0.0405929709361561,-0.111565666257367,0.0475558558633272,"OLS"
0.08,"TNDE",-0.0307285948260793,0.0401039301655659,-0.109330853589098,0.0478736639369393,"OLS"
0.08,"TE",-0.0462826829859589,0.041431814519957,-0.127487547259218,0.0349221812873005,"OLS"
0.1,"PNIE",-0.0165460417031459,0.0141320524548431,-0.0442443555422693,0.0111522721359774,"OLS"
0.1,"TNIE",-0.0152476786395215,0.0127275672542938,-0.0401932520687487,0.00969789478970567,"OLS"
0.1,"PNDE",-0.0310350043464374,0.0406560400773647,-0.110719378652089,0.0486493699592144,"OLS"
0.1,"TNDE",-0.029736641282813,0.0401600650046968,-0.108448922308806,0.0489756397431802,"OLS"
0.1,"TE",-0.0462826829859589,0.041431814519957,-0.127487547259218,0.0349221812873005,"OLS"
0.12,"PNIE",-0.0175440272029993,0.0149387404906662,-0.0468234205390952,0.0117353661330965,"OLS"
0.12,"TNIE",-0.016223477346777,0.0135166798934738,-0.0427156831285424,0.0102687284349884,"OLS"
0.12,"PNDE",-0.0300592056391819,0.0407350488474743,-0.109898434288711,0.0497800230103476,"OLS"
0.12,"TNDE",-0.0287386557829596,0.0402332536089518,-0.107594383837371,0.050117072271452,"OLS"
0.12,"TE",-0.0462826829859589,0.041431814519957,-0.127487547259218,0.0349221812873005,"OLS"
0.14,"PNIE",-0.0185493321625752,0.0157530610300518,-0.0494247644277381,0.0123261001025878,"OLS"
0.14,"TNIE",-0.0172064327906143,0.0143127672614227,-0.0452589411421067,0.0108460755608781,"OLS"
0.14,"PNDE",-0.0290762501953446,0.040830320751761,-0.109102208346015,0.0509497079553254,"OLS"
0.14,"TNDE",-0.0277333508233837,0.0403238345446973,-0.106766614249542,0.051299912602775,"OLS"
0.14,"TE",-0.0462826829859589,0.041431814519957,-0.127487547259218,0.0349221812873005,"OLS"
0.16,"PNIE",-0.0195632902533336,0.0165758782045284,-0.0520514145463317,0.0129248340396646,"OLS"
0.16,"TNIE",-0.0181978489928724,0.0151167231149635,-0.047826081862465,0.0114303838767202,"OLS"
0.16,"PNDE",-0.0280848339930865,0.0409422460611036,-0.108330161719026,0.0521604937328534,"OLS"
0.16,"TNDE",-0.0267193927326253,0.0404322160271911,-0.105965079961063,0.0525262944958124,"OLS"
0.16,"TE",-0.0462826829859589,0.041431814519957,-0.127487547259218,0.0349221812873005,"OLS"
0.18,"PNIE",-0.0205872906859054,0.0174081456070028,-0.0547066291132601,0.0135320477414493,"OLS"
0.18,"TNIE",-0.0191990842798374,0.0159295202876825,-0.0504203703346953,0.0120222017750205,"OLS"
0.18,"PNDE",-0.0270835987061215,0.0410712860225216,-0.107581840109007,0.053414642696764,"OLS"
0.18,"TNDE",-0.0256953923000535,0.0405588802895875,-0.105189336920916,0.0537985523208094,"OLS"
0.18,"TE",-0.0462826829859589,0.041431814519957,-0.127487547259218,0.0349221812873005,"OLS"
0.2,"PNIE",-0.0216227884354177,0.0182509050895238,-0.0573939050961432,0.0141483282253077,"OLS"
0.2,"TNIE",-0.0202115612802432,0.0167522107519651,-0.0530452910155194,0.0126221684550329,"OLS"
0.2,"PNDE",-0.0260711217057157,0.0412179779458408,-0.10685687399513,0.0547146305836985,"OLS"
0.2,"TNDE",-0.0246598945505412,0.0407043888604478,-0.104439030729732,0.0551192416286499,"OLS"
0.2,"TE",-0.0462826829859589,0.041431814519957,-0.127487547259218,0.0349221812873005,"OLS"
0.22,"PNIE",-0.0226713155063791,0.019105288846456,-0.0601169935596676,0.0147743625469093,"OLS"
0.22,"TNIE",-0.0212367779397206,0.0175859286965741,-0.0557045648196952,0.0132310089402541,"OLS"
0.22,"PNDE",-0.0250459050462384,0.0413829412793415,-0.106154979528083,0.0560631694356068,"OLS"
0.22,"TNDE",-0.0236113674795798,0.040869388866564,-0.103713897728207,0.056491162769048,"OLS"
0.22,"TE",-0.0462826829859589,0.041431814519957,-0.127487547259218,0.0349221812873005,"OLS"
0.24,"PNIE",-0.0237344934527437,0.0199725242790247,-0.0628799217199839,0.0154109348144964,"OLS"
0.24,"TNIE",-0.0222763197625201,0.0184318961402736,-0.0584021723642391,0.0138495328391989,"OLS"
0.24,"PNDE",-0.0240063632234388,0.0415668848135425,-0.105475960407507,0.0574632339606293,"OLS"
0.24,"TNDE",-0.0225481895332152,0.0410546205051027,-0.103013767122176,0.0579173880557457,"OLS"
0.24,"TE",-0.0462826829859589,0.041431814519957,-0.127487547259218,0.0349221812873005,"OLS"
0.26,"PNIE",-0.0248140474070148,0.0208539413780341,-0.0656870214436712,0.0160589266296416,"OLS"
0.26,"TNIE",-0.0233318735287271,0.0192914308456124,-0.0611423831963725,0.0144786361389183,"OLS"
0.26,"PNDE",-0.0229508094572318,0.041770615184014,-0.104819710829981,0.0589180919155176,"OLS"
0.26,"TNDE",-0.0214686355789441,0.0412609258619093,-0.102338564237064,0.0594012930791755,"OLS"
0.26,"TE",-0.0462826829859589,0.041431814519957,-0.127487547259218,0.0349221812873005,"OLS"
0.28,"PNIE",-0.0259118219200864,0.0217509825410337,-0.068542964328872,0.0167193204886992,"OLS"
0.28,"TNIE",-0.0244052427819584,0.0201659564733413,-0.0639297911835097,0.0151193056195929,"OLS"
0.28,"PNDE",-0.0218774402040005,0.0419950468828135,-0.104186219623386,0.060431339215385,"OLS"
0.28,"TNDE",-0.0203708610658725,0.0414892592928326,-0.101688315025068,0.060946592893323,"OLS"
0.28,"TE",-0.0462826829859589,0.041431814519957,-0.127487547259218,0.0349221812873005,"OLS"
0.3,"PNIE",-0.0270297989734337,0.0226652148848206,-0.0714528038495431,0.0173932059026758,"OLS"
0.3,"TNIE",-0.025498365441113,0.0210570150571402,-0.0667693565750254,0.0157726256927993,"OLS"
0.3,"PNDE",-0.0207843175448459,0.0422412140357514,-0.103575575718167,0.0620069406284748,"OLS"
0.3,"TNDE",-0.0192528840125252,0.0417406996341638,-0.10106315198499,0.06255738395994,"OLS"
0.3,"TE",-0.0462826829859589,0.041431814519957,-0.127487547259218,0.0349221812873005,"OLS"
0.32,"PNIE",-0.0281701186004966,0.0235983452419174,-0.0744220253693968,0.0180817881684036,"OLS"
0.32,"TNIE",-0.0266133339633105,0.0219662819999598,-0.0696664555574821,0.0164397876308611,"OLS"
0.32,"PNDE",-0.0196693490226484,0.0425102842617702,-0.102987975148278,0.0636492771029811,"OLS"
0.32,"TNDE",-0.0181125643854623,0.0420164645693613,-0.100463321699114,0.0642381929281891,"OLS"
0.32,"TE",-0.0462826829859589,0.041431814519957,-0.127487547259218,0.0349221812873005,"OLS"
0.34,"PNIE",-0.0293351026489518,0.0245522381538743,-0.0774566051703955,0.0187863998724919,"OLS"
0.34,"TNIE",-0.0277524185778894,0.0228955839112154,-0.0726269384488863,0.0171221012931075,"OLS"
0.34,"PNDE",-0.0185302644080695,0.0428035750045835,-0.102423729826612,0.065363201010473,"OLS"
0.34,"TNDE",-0.0169475803370071,0.0423179275555856,-0.0998891942463299,0.0659940335723158,"OLS"
0.34,"TE",-0.0462826829859589,0.041431814519957,-0.127487547259218,0.0349221812873005,"OLS"
0.36,"PNIE",-0.0305272823357157,0.0255289373059369,-0.080563080018933,0.0195085153475016,"OLS"
0.36,"TNIE",-0.0289180942288195,0.0238469197294511,-0.0756571980407613,0.0178210095831223,"OLS"
0.36,"PNDE",-0.0173645887571394,0.0431225728198058,-0.101883278404665,0.0671541008903857,"OLS"
0.36,"TNDE",-0.0157554006502432,0.042646637809781,-0.0993412748191382,0.0678304735186517,"OLS"
0.36,"TE",-0.0462826829859589,0.041431814519957,-0.127487547259218,0.0349221812873005,"OLS"
0.38,"PNIE",-0.0317494303995927,0.0265306909972561,-0.0837486292391756,0.0202497684399902,"OLS"
0.38,"TNIE",-0.030113072012546,0.024822485718223,-0.0787642500270229,0.0185381060019309,"OLS"
0.38,"PNDE",-0.0161696109734129,0.0434689562189823,-0.101367199608167,0.0690279776613408,"OLS"
0.38,"TNDE",-0.0145332525863662,0.043004343976174,-0.0988202179584393,0.0697537127857069,"OLS"
0.38,"TE",-0.0462826829859589,0.041431814519957,-0.127487547259218,0.0349221812873005,"OLS"
0.4,"PNIE",-0.0330045988527194,0.0275599824196305,-0.0870211718097523,0.0210119741043134,"OLS"
0.4,"TNIE",-0.0313403360901592,0.0258247050947927,-0.0819558279873209,0.0192751558070025,"OLS"
0.4,"PNDE",-0.0149423468957997,0.0438446228231586,-0.100876228544933,0.070991534753334,"OLS"
0.4,"TNDE",-0.0132780841332395,0.0433930222533249,-0.0983268449301013,0.0717706766636224,"OLS"
0.4,"TE",-0.0462826829859589,0.041431814519957,-0.127487547259218,0.0349221812873005,"OLS"
0.42,"PNIE",-0.0342961635853007,0.0286195657391575,-0.0903894816872258,0.0217971545166244,"OLS"
0.42,"TNIE",-0.0326031873004971,0.0268562632647501,-0.0852404960587334,0.0200341214577392,"OLS"
0.42,"PNDE",-0.0136794956854618,0.0442517217736809,-0.100411276615763,0.0730522852448397,"OLS"
0.42,"TNDE",-0.0119865194006582,0.0438149099603986,-0.0978621649089048,0.0738891261075883,"OLS"
0.42,"TE",-0.0462826829859589,0.041431814519957,-0.127487547259218,0.0349221812873005,"OLS"
0.44,"PNIE",-0.0356278774076975,0.0297125092561683,-0.0938633254401003,0.0226075706247054,"OLS"
0.44,"TNIE",-0.033905295023024,0.0279201499074351,-0.0886277832845561,0.020817193238508,"OLS"
0.44,"PNDE",-0.0123773879629349,0.0446926926015966,-0.0999734558341839,0.0752186799083142,"OLS"
0.44,"TNDE",-0.0106548055782614,0.0442725457843857,-0.0974274008195579,0.076117789663035,"OLS"
0.44,"TE",-0.0462826829859589,0.041431814519957,-0.127487547259218,0.0349221812873005,"OLS"
0.46,"PNIE",-0.0370039335461729,0.030842247282177,-0.0974536274215183,0.0234457603291724,"OLS"
0.46,"TNIE",-0.0352507592619659,0.0290197095090279,-0.0921283447414751,0.0216268262175433,"OLS"
0.46,"PNDE",-0.011031923723993,0.0451703120898272,-0.0995641085904885,0.0775002611425026,"OLS"
0.46,"TNDE",-0.009278749439786,0.0447688182937673,-0.0970240209259877,0.0784665220464157,"OLS"
0.46,"TE",-0.0462826829859589,0.041431814519957,-0.127487547259218,0.0349221812873005,"OLS"
0.48,"PNIE",-0.0384290421805652,0.0320126428494363,-0.101172669215404,0.0243145848542735,"OLS"
0.48,"TNIE",-0.03664418548243,0.0301587024026781,-0.0957541560121407,0.0224657850472808,"OLS"
0.48,"PNDE",-0.00963849750352894,0.0456877511029294,-0.0991848441999007,0.0799078491928428,"OLS"
0.48,"TNDE",-0.00785364080539366,0.0453070247592195,-0.0966537775801284,0.0809464959693411,"OLS"
0.48,"TE",-0.0462826829859589,0.041431814519957,-0.127487547259218,0.0349221812873005,"OLS"
0.5,"PNIE",-0.0399085233762496,0.0332280640027489,-0.105034332097629,0.02521728534513,"OLS"
0.5,"TNIE",-0.0380907754763423,0.0313413789904296,-0.0995187495234047,0.02333719857072,"OLS"
0.5,"PNDE",-0.00819190750961656,0.0462486439484104,-0.0988375839823172,0.0824537689630841,"OLS"
0.5,"TNDE",-0.00637415960970931,0.0458909429303581,-0.0963187549697941,0.0835704357503755,"OLS"
0.5,"TE",-0.0462826829859589,0.041431814519957,-0.127487547259218,0.0349221812873005,"OLS"
0.52,"PNIE",-0.0414484207940362,0.034493477276649,-0.109054393957819,0.0261575523697464,"OLS"
0.52,"TNIE",-0.0395964385443959,0.0325725706504047,-0.103437503903076,0.0242446268142838,"OLS"
0.52,"PNDE",-0.006686244441563,0.0468571736295345,-0.0985246171727906,0.0851521282896646,"OLS"
0.52,"TNDE",-0.00483426219192268,0.0465249192394085,-0.0960214282847979,0.0863529039009525,"OLS"
0.52,"TE",-0.0462826829859589,0.041431814519957,-0.127487547259218,0.0349221812873005,"OLS"
0.54,"PNIE",-0.0430556419690487,0.0358145631239885,-0.113250895814102,0.027139611876005,"OLS"
0.54,"TNIE",-0.0411679286563075,0.0338578019622024,-0.107528001097914,0.0251921437852987,"OLS"
0.54,"PNDE",-0.00511475432965137,0.0475181774370325,-0.0982486707172188,0.088019162057916,"OLS"
0.54,"TNDE",-0.0032270410169102,0.0472139780254314,-0.0957647375136213,0.0893106554798009,"OLS"
0.54,"TE",-0.0462826829859589,0.041431814519957,-0.127487547259218,0.0349221812873005,"OLS"
0.56,"PNIE",-0.0447381328933647,0.037197859666659,-0.117644598141991,0.028168332355262,"OLS"
0.56,"TNIE",-0.0428130151522113,0.0352034304422697,-0.111810470951321,0.0261844406468983,"OLS"
0.56,"PNDE",-0.00346966783374758,0.0482372788308179,-0.0980129970543671,0.0910736613868719,"OLS"
0.56,"TNDE",-0.0015445500925942,0.0479639579250029,-0.0955521801815944,0.092463079996406,"OLS"
0.56,"TE",-0.0462826829859589,0.041431814519957,-0.127487547259218,0.0349221812873005,"OLS"
0.58,"PNIE",-0.046505097356586,0.0386509433830982,-0.122259554355955,0.0292493596427831,"OLS"
0.58,"TNIE",-0.0445406972069416,0.0366168221609761,-0.116308349870763,0.0272269554568796,"OLS"
0.58,"PNDE",-0.00174198577901734,0.04902105366919,-0.0978214854548347,0.0943375138968,"OLS"
0.58,"TNDE",0.000222414370627103,0.0487816837494163,-0.0953879288834515,0.0958327576247057,"OLS"
0.58,"TE",-0.0462826829859589,0.041431814519957,-0.127487547259218,0.0349221812873005,"OLS"
0.6,"PNIE",-0.0483672753567576,0.0401826585300151,-0.127123838878658,0.0303892881651431,"OLS"
0.6,"TNIE",-0.0463614760514378,0.0381065747053554,-0.121048990048119,0.0283260379452438,"OLS"
0.6,"PNDE",7.8793065478866e-05,0.0498772418353668,-0.0976788045800345,0.0978363907109922,"OLS"
0.6,"TNDE",0.0020845923707987,0.0496751852567672,-0.0952769816578201,0.0994461663994175,"OLS"
0.6,"TE",-0.0462826829859589,0.041431814519957,-0.127487547259218,0.0349221812873005,"OLS"
0.62,"PNIE",-0.0503373004523077,0.041803411680218,-0.132270481776436,0.0315958808718205,"OLS"
0.62,"TNIE",-0.048287704380187,0.0396828034056541,-0.126064569860852,0.0294891611004783,"OLS"
0.62,"PNDE",0.0020050213942281,0.0508150196277136,-0.0975905869497864,0.101600629738243,"OLS"
0.62,"TNDE",0.00405461746634877,0.050653978681655,-0.0952253564233546,0.103334591356052,"OLS"
0.62,"TE",-0.0462826829859589,0.041431814519957,-0.127487547259218,0.0349221812873005,"OLS"
0.64,"PNIE",-0.0524301640675937,0.0435255544733267,-0.13773868324245,0.0328783551072629,"OLS"
0.64,"TNIE",-0.0503340403345252,0.041357513268007,-0.131393276829956,0.0307251961609061,"OLS"
0.64,"PNDE",0.00405135734856626,0.0518453546114472,-0.0975636704555778,0.10566638515271,"OLS"
0.64,"TNDE",0.00614748108163483,0.0517294334180664,-0.095240345358438,0.107535307521708,"OLS"
0.64,"TE",-0.0462826829859589,0.041431814519957,-0.127487547259218,0.0349221812873005,"OLS"
0.66,"PNIE",-0.0546638269113498,0.0453638876934938,-0.143575412989317,0.0342477591666178,"OLS"
0.66,"TNIE",-0.052518045328287,0.0431450887884843,-0.137080865463499,0.032044774806925,"OLS"
0.66,"PNDE",0.0062353623423281,0.0529814740880334,-0.0976064187180594,0.110077143402716,"OLS"
0.66,"TNDE",0.00838114392539087,0.05291525600918,-0.0953308520853186,0.1120931399361,"OLS"
0.66,"TE",-0.0462826829859589,0.041431814519957,-0.127487547259218,0.0349221812873005,"OLS"
0.68,"PNIE",-0.0570600361577303,0.047336335036895,-0.149837547990166,0.0357174756747054,"OLS"
0.68,"TNIE",-0.054860983061626,0.0450629486394885,-0.143182739432202,0.0334607733089496,"OLS"
0.68,"PNDE",0.0085783000756671,0.0542394927562295,-0.0977291522662638,0.114885752417598,"OLS"
0.68,"TNDE",0.0107773531717714,0.0542281384706868,-0.0955078451794256,0.117062551522968,"OLS"
0.68,"TE",-0.0462826829859589,0.041431814519957,-0.127487547259218,0.0349221812873005,"OLS"
0.7,"PNIE",-0.0596454358224934,0.0494648586681397,-0.156594777312411,0.0373039056674243,"OLS"
0.7,"TNIE",-0.0573889052117827,0.0471324352820347,-0.149766780868236,0.0349889704446702,"OLS"
0.7,"PNDE",0.0111062222258238,0.0556392676126652,-0.097944738421186,0.120157182872833,"OLS"
0.7,"TNDE",0.0133627528365345,0.055688641154852,-0.0957849781749504,0.122510483848019,"OLS"
0.7,"TE",-0.0462826829859589,0.041431814519957,-0.127487547259218,0.0349221812873005,"OLS"
0.72,"PNIE",-0.0624531037003465,0.0517767265447033,-0.163933622965344,0.0390274155646509,"OLS"
0.72,"TNIE",-0.0601341542018874,0.0493800463620219,-0.156917266626368,0.0366489582225935,"OLS"
0.72,"PNDE",0.0138514712159285,0.0572055840545975,-0.0982694132456614,0.125972355677518,"OLS"
0.72,"TNDE",0.0161704207143876,0.0573224174022276,-0.0961794529007505,0.128520294329526,"OLS"
0.72,"TE",-0.0462826829859589,0.041431814519957,-0.127487547259218,0.0349221812873005,"OLS"
0.74,"PNIE",-0.0655247236079119,0.0543063036509229,-0.171963122897217,0.040913675681393,"OLS"
0.74,"TNIE",-0.0631374871515373,0.0518391751462213,-0.164740403426395,0.0384654291233203,"OLS"
0.74,"PNDE",0.0168548041655784,0.0589698361664784,-0.0987239508949467,0.132433559226104,"OLS"
0.74,"TNDE",0.019242040621953,0.0591619480883587,-0.0967132468864583,0.135197328130364,"OLS"
0.74,"TE",-0.0462826829859589,0.041431814519957,-0.127487547259218,0.0349221812873005,"OLS"
0.76,"PNIE",-0.0689137293388592,0.0570976445627816,-0.18082305628398,0.0429955976062619,"OLS"
0.76,"TNIE",-0.0664511499368439,0.054552629544241,-0.173372339105512,0.0404700392318241,"OLS"
0.76,"PNDE",0.020168466950885,0.0609724642667454,-0.0993353670605914,0.139672300962361,"OLS"
0.76,"TNDE",0.0226310463529003,0.0612490573784194,-0.0974149001958289,0.14267699290163,"OLS"
0.76,"TE",-0.0462826829859589,0.041431814519957,-0.127487547259218,0.0349221812873005,"OLS"
0.78,"PNIE",-0.0726899808604969,0.0602083495939849,-0.190696177633304,0.0453162159123103,"OLS"
0.78,"TNIE",-0.0701434494277952,0.0575763788438285,-0.182991078321933,0.0427041794663425,"OLS"
0.78,"PNDE",0.0238607664418363,0.0632665887632452,-0.100139468958831,0.147861001842503,"OLS"
0.78,"TNDE",0.026407297874538,0.0636386624222725,-0.0983221884974187,0.151136784246495,"OLS"
0.78,"TE",-0.0462826829859589,0.041431814519957,-0.127487547259218,0.0349221812873005,"OLS"
0.8,"PNIE",-0.0769469433670664,0.063715484964939,-0.20182699915585,0.0479331124217174,"OLS"
0.8,"TNIE",-0.0743057729398661,0.06098530587432,-0.193834776039692,0.0452232301599602,"OLS"
0.8,"PNDE",0.0280230899539072,0.0659236018025128,-0.101184795310178,0.157230975217992,"OLS"
0.8,"TNDE",0.0306642603811075,0.066404542101634,-0.0994862505479688,0.160814771310184,"OLS"
0.8,"TE",-0.0462826829859589,0.041431814519957,-0.127487547259218,0.0349221812873005,"OLS"
-0.8,"PNIE",0.0642978890639801,0.0263897872572831,0.0125748564800313,0.116020921647929,"Semiparametric"
-0.8,"TNIE",0.0638706972932618,0.025782508561148,0.0133379090823161,0.114403485504208,"Semiparametric"
-0.8,"PNDE",-0.114986148706655,0.0529039576119973,-0.218676000265803,-0.0112962971475069,"Semiparametric"
-0.8,"TNDE",-0.115413340477373,0.0548989774300738,-0.223013359028395,-0.00781332192635147,"Semiparametric"
-0.8,"TE",-0.0511154514133933,0.0416593184662395,-0.132766215227707,0.0305353124009205,"Semiparametric"
-0.78,"PNIE",0.0591339444195879,0.0243202884454241,0.0114670549729311,0.106800833866245,"Semiparametric"
-0.78,"TNIE",0.0588491683733293,0.0237796532529623,0.0122419044326724,0.105456432313986,"Semiparametric"
-0.78,"PNDE",-0.109964619786723,0.0516510993610167,-0.211198914296215,-0.00873032527723001,"Semiparametric"
-0.78,"TNDE",-0.110249395832981,0.0534919365481603,-0.215091664930677,-0.00540712673528526,"Semiparametric"
-0.78,"TE",-0.0511154514133933,0.0416593184662395,-0.132766215227707,0.0305353124009205,"Semiparametric"
-0.76,"PNIE",0.0545531303318563,0.0224875446916409,0.0104783526355052,0.0986279080282075,"Semiparametric"
-0.76,"TNIE",0.0543946879320336,0.0220045556528189,0.0112665513567012,0.097522824507366,"Semiparametric"
-0.76,"PNDE",-0.105510139345427,0.0505808313727122,-0.204646747144037,-0.00637353154681729,"Semiparametric"
-0.76,"TNDE",-0.10566858174525,0.0522819837476372,-0.208139386930927,-0.00319777655957225,"Semiparametric"
-0.76,"TE",-0.0511154514133933,0.0416593184662395,-0.132766215227707,0.0305353124009205,"Semiparametric"
-0.74,"PNIE",0.0504420680504451,0.0208458455617162,0.00958496152219724,0.0912991745786929,"Semiparametric"
-0.74,"TNIE",0.0503970040761137,0.020413096056286,0.0103880709928366,0.0904059371593908,"Semiparametric"
-0.74,"PNDE",-0.101512455489507,0.0496553774957297,-0.198835207019878,-0.00418970395913619,"Semiparametric"
-0.74,"TNDE",-0.101557519463838,0.0512288757934234,-0.201964270987424,-0.00115076794025273,"Semiparametric"
-0.74,"TE",-0.0511154514133933,0.0416593184662395,-0.132766215227707,0.0305353124009205,"Semiparametric"
-0.72,"PNIE",0.0467160133466974,0.0193610775593025,0.00876899862857784,0.084663028064817,"Semiparametric"
-0.72,"TNIE",0.0467737097264273,0.0189723241030098,0.00958863778150686,0.0839587816713478,"Semiparametric"
-0.72,"PNDE",-0.0978891611398206,0.0488468888401052,-0.193627304023258,-0.00215101825638304,"Semiparametric"
-0.72,"TNDE",-0.0978314647600907,0.0503028668611065,-0.196423272126973,0.000760342606791295,"Semiparametric"
-0.72,"TE",-0.0511154514133933,0.0416593184662395,-0.132766215227707,0.0305353124009205,"Semiparametric"
-0.7,"PNIE",0.0433101479018652,0.018007206279234,0.00801667213238302,0.0786036236713474,"Semiparametric"
-0.7,"TNIE",0.0434617741797912,0.0176570664684932,0.00885455982891473,0.0780689885306676,"Semiparametric"
-0.7,"PNDE",-0.0945772255931845,0.0481343549097477,-0.188918827635359,-0.000235623551010214,"Semiparametric"
-0.7,"TNDE",-0.0944255993152585,0.0494814565294585,-0.191407472015581,0.00255627338506439,"Semiparametric"
-0.7,"TE",-0.0511154514133933,0.0416593184662395,-0.132766215227707,0.0305353124009205,"Semiparametric"
-0.68,"PNIE",0.0401739068069852,0.0167639872665348,0.00731709552728884,0.0730307180866815,"Semiparametric"
-0.68,"TNIE",0.0404120270499641,0.0164477184003349,0.00817509135745088,0.0726489627424773,"Semiparametric"
-0.68,"PNDE",-0.0915274784633574,0.0475016081229148,-0.184628919592006,0.00157396266529083,"Semiparametric"
-0.68,"TNDE",-0.0912893582203785,0.0487472856778617,-0.186832282493073,0.00425356605231565,"Semiparametric"
-0.68,"TE",-0.0511154514133933,0.0416593184662395,-0.132766215227707,0.0305353124009205,"Semiparametric"
-0.66,"PNIE",0.0372671647613144,0.015615429648898,0.00666148504635534,0.0678728444762735,"Semiparametric"
-0.66,"TNIE",0.0375854496463952,0.0153287603009187,0.00754163152894725,0.0676292677638431,"Semiparametric"
-0.66,"PNDE",-0.0887009010597885,0.0469359931783292,-0.180693757267931,0.00329195514835444,"Semiparametric"
-0.66,"TNDE",-0.0883826161747077,0.048086731234902,-0.182630877529373,0.00586564517995757,"Semiparametric"
-0.66,"TE",-0.0511154514133933,0.0416593184662395,-0.132766215227707,0.0305353124009205,"Semiparametric"
-0.64,"PNIE",0.0345576010144899,0.0145487378825025,0.0060425987442714,0.0630726032847084,"Semiparametric"
-0.64,"TNIE",0.0349506125882839,0.014287734508249,0.00694716753144572,0.062954057645122,"Semiparametric"
-0.64,"PNDE",-0.0860660640016772,0.0464274552023205,-0.177062204092072,0.00493007608871773,"Semiparametric"
-0.64,"TNDE",-0.0856730524278832,0.0474889416778735,-0.178749667780438,0.00740356292467183,"Semiparametric"
-0.64,"TE",-0.0511154514133933,0.0416593184662395,-0.132766215227707,0.0305353124009205,"Semiparametric"
-0.62,"PNIE",0.0320188349715846,0.0135535670119028,0.00545433176620497,0.0585833381769643,"Semiparametric"
-0.62,"TNIE",0.0324818628275296,0.0133145234625975,0.00638587636952489,0.0585778492855343,"Semiparametric"
-0.62,"PNDE",-0.0835973142409229,0.0459678998473606,-0.173692742386694,0.0064981139048481,"Semiparametric"
-0.62,"TNDE",-0.0831342863849779,0.0469451591139439,-0.17514510749681,0.00887653472685437,"Semiparametric"
-0.62,"TE",-0.0511154514133933,0.0416593184662395,-0.132766215227707,0.0305353124009205,"Semiparametric"
-0.6,"PNIE",0.0296290792418161,0.0126214896182436,0.00489141415881248,0.0543667443248198,"Semiparametric"
-0.6,"TNIE",0.0301580138448263,0.0124008308982416,0.00585283190590121,0.0544631957837514,"Semiparametric"
-0.6,"PNDE",-0.0812734652582196,0.0455507347566659,-0.170551264850622,0.00800433433418235,"Semiparametric"
-0.6,"TNDE",-0.0807445306552095,0.0464482327300894,-0.171781393951719,0.0102923326413003,"Semiparametric"
-0.6,"TE",-0.0511154514133933,0.0416593184662395,-0.132766215227707,0.0305353124009205,"Semiparametric"
-0.58,"PNIE",0.0273701483501179,0.0117456098048609,0.00434917615613006,0.0503911205441057,"Semiparametric"
-0.58,"TNIE",0.0279613816998419,0.0115398034677341,0.0053437825144127,0.0505789808852711,"Semiparametric"
-0.58,"PNDE",-0.0790768331132352,0.0451705348537599,-0.167609454589016,0.00945578836254543,"Semiparametric"
-0.58,"TNDE",-0.0784855997635112,0.045992263066853,-0.168628778942035,0.0116575794150125,"Semiparametric"
-0.58,"TE",-0.0511154514133933,0.0416593184662395,-0.132766215227707,0.0305353124009205,"Semiparametric"
-0.56,"PNIE",0.0252267170507814,0.0109202823693608,0.00382335690582648,0.0466300771957363,"Semiparametric"
-0.56,"TNIE",0.0258770637997275,0.0107257521078861,0.00485497596116615,0.0468991516382888,"Semiparametric"
-0.56,"PNDE",-0.0769925152131208,0.0448227939516258,-0.164843577044767,0.0108585466185254,"Semiparametric"
-0.56,"TNDE",-0.0763421684641747,0.0455723376100297,-0.165662308871133,0.0129779719427836,"Semiparametric"
-0.56,"TE",-0.0511154514133933,0.0416593184662395,-0.132766215227707,0.0305353124009205,"Semiparametric"
-0.54,"PNIE",0.0231857570976571,0.0101409097924936,0.0033099391339001,0.0430615750614141,"Semiparametric"
-0.54,"TNIE",0.0238923912025555,0.00995394633252886,0.0043830148867544,0.0434017675183566,"Semiparametric"
-0.54,"PNDE",-0.0750078426159488,0.0445037376681145,-0.162233565622872,0.0122178803909741,"Semiparametric"
-0.54,"TNDE",-0.0743012085110504,0.0451843313239161,-0.162860870571451,0.0142584535493501,"Semiparametric"
-0.54,"TE",-0.0511154514133933,0.0416593184662395,-0.132766215227707,0.0305353124009205,"Semiparametric"
-0.52,"PNIE",0.0212361037553382,0.00940379923024526,0.00280499594621202,0.0396672115644644,"Semiparametric"
-0.52,"TNIE",0.0219965070836331,0.00922046377174336,0.00392473017025981,0.0400682839970065,"Semiparametric"
-0.52,"PNDE",-0.0731119584970264,0.0442101806191451,-0.159762320260562,0.0135384032665086,"Semiparametric"
-0.52,"TNDE",-0.0723515551687315,0.0448247541498932,-0.160206458918384,0.0155033485809214,"Semiparametric"
-0.52,"TE",-0.0511154514133933,0.0416593184662395,-0.132766215227707,0.0305353124009205,"Semiparametric"
-0.5,"PNIE",0.019368118070423,0.00870606829324022,0.00230453776872608,0.0364316983721199,"Semiparametric"
-0.5,"TNIE",0.0201800383209387,0.00852208360193986,0.00347706138789719,0.0368830152539802,"Semiparametric"
-0.5,"PNDE",-0.071295489734332,0.0439394160804006,-0.157415162753637,0.0148241832849732,"Semiparametric"
-0.5,"TNDE",-0.0704835694838163,0.0444906329898559,-0.157683607793323,0.0167164688256908,"Semiparametric"
-0.5,"TE",-0.0511154514133933,0.0416593184662395,-0.132766215227707,0.0305353124009205,"Semiparametric"
-0.48,"PNIE",0.0175734207985671,0.00804559320005437,0.00180434789220018,0.033342493704934,"Semiparametric"
-0.48,"TNIE",0.0184348367601638,0.00785621723025658,0.00303693393413788,0.0338327395861897,"Semiparametric"
-0.48,"PNDE",-0.0695502881735571,0.0436891297891349,-0.155179409076157,0.0160788327290433,"Semiparametric"
-0.48,"TNDE",-0.0686888722119604,0.0441794193628596,-0.155278943021057,0.0179011985971359,"Semiparametric"
-0.48,"TE",-0.0511154514133933,0.0416593184662395,-0.132766215227707,0.0305353124009205,"Semiparametric"
-0.46,"PNIE",0.0158446806255234,0.00742099656159969,0.00129979463539247,0.0303895666156544,"Semiparametric"
-0.46,"TNIE",0.0167537732763762,0.00722087353123047,0.00260112121824597,0.0309064253345065,"Semiparametric"
-0.46,"PNDE",-0.0678692246897695,0.0434573319221556,-0.153044030121397,0.0173055807418582,"Semiparametric"
-0.46,"TNDE",-0.0669601320389167,0.0438889164178672,-0.152980827538425,0.0190605634605916,"Semiparametric"
-0.46,"TE",-0.0511154514133933,0.0416593184662395,-0.132766215227707,0.0305353124009205,"Semiparametric"
-0.44,"PNIE",0.0141754440006537,0.00683167485693403,0.000785607326975137,0.0275652806743322,"Semiparametric"
-0.44,"TNIE",0.0151305723005299,0.00661465972012884,0.00216607747908953,0.0280950671219702,"Semiparametric"
-0.44,"PNDE",-0.0662460237139232,0.0432423029191742,-0.150999380044076,0.0185073326162296,"Semiparametric"
-0.44,"TNDE",-0.065290895414047,0.0436172207101037,-0.150779077111585,0.0201972862834909,"Semiparametric"
-0.44,"TE",-0.0511154514133933,0.0416593184662395,-0.132766215227707,0.0305353124009205,"Semiparametric"
-0.42,"PNIE",0.0125599972001671,0.00627786738179846,0.000255603232123367,0.0248643911682109,"Semiparametric"
-0.42,"TNIE",0.0135596776868424,0.00603682314920408,0.00172772173336478,0.0253916336403201,"Semiparametric"
-0.42,"PNDE",-0.0646751291002357,0.0430425499660735,-0.149036976836505,0.019686718636034,"Semiparametric"
-0.42,"TNDE",-0.0636754486135604,0.0433626753592407,-0.148664730590975,0.0213138333638538,"Semiparametric"
-0.42,"TE",-0.0511154514133933,0.0416593184662395,-0.132766215227707,0.0305353124009205,"Semiparametric"
-0.4,"PNIE",0.0109932535952126,0.00576076807936317,-0.000297644363627135,0.0222841515540524,"Semiparametric"
-0.4,"TNIE",0.0120361430899056,0.00548734443617665,0.00128114562423312,0.0227911405555781,"Semiparametric"
-0.4,"PNDE",-0.0631515945032989,0.0428567717672955,-0.147149323660851,0.0208461346542532,"Semiparametric"
-0.4,"TNDE",-0.062108705008606,0.0431238320696148,-0.146629862740404,0.0224124527231924,"Semiparametric"
-0.4,"TE",-0.0511154514133933,0.0416593184662395,-0.132766215227707,0.0305353124009205,"Semiparametric"
-0.38,"PNIE",0.00947066080720215,0.00528267674782471,-0.000883195360501453,0.0198245169749057,"Semiparametric"
-0.38,"TNIE",0.0105555416805589,0.00496709862669997,0.000820207264568575,0.0202908760965492,"Semiparametric"
-0.38,"PNDE",-0.0616709930939522,0.04268382982356,-0.145329762270366,0.021987776082462,"Semiparametric"
-0.38,"TNDE",-0.0605861122205955,0.0428994201144052,-0.144667430602483,0.0234952061612918,"Semiparametric"
-0.38,"TE",-0.0511154514133933,0.0416593184662395,-0.132766215227707,0.0305353124009205,"Semiparametric"
-0.36,"PNIE",0.00798812368375497,0.00484717182948371,-0.00151215852891022,0.0174884058964202,"Semiparametric"
-0.36,"TNIE",0.00911389124607017,0.00447810774811499,0.000336961340875037,0.0178908211512653,"Semiparametric"
-0.36,"PNDE",-0.0602293426594635,0.0425227248591857,-0.143572351907974,0.0231136665890466,"Semiparametric"
-0.36,"TNDE",-0.0591035750971483,0.0426883208395305,-0.142771146503119,0.024563996308822,"Semiparametric"
-0.36,"TE",-0.0511154514133933,0.0416593184662395,-0.132766215227707,0.0305353124009205,"Semiparametric"
-0.34,"PNIE",0.00654193995554109,0.00445925562054625,-0.00219804045858736,0.0152819203696695,"Semiparametric"
-0.34,"TNIE",0.00770759162148994,0.00402391087012166,-0.000179128760947743,0.0155943120039276,"Semiparametric"
-0.34,"PNDE",-0.0588230430348832,0.0423725773589914,-0.141871768590644,0.0242256825208773,"Semiparametric"
-0.34,"TNDE",-0.0576573913689344,0.0424895465780573,-0.140935372381364,0.025620589643495,"Semiparametric"
-0.34,"TE",-0.0511154514133933,0.0416593184662395,-0.132766215227707,0.0305353124009205,"Semiparametric"
-0.32,"PNIE",0.00512874612812575,0.00412536672963181,-0.00295682408497238,0.0132143163412239,"Semiparametric"
-0.32,"TNIE",0.0063333720737373,0.00361006276464396,-0.000742220926893966,0.0134089650743686,"Semiparametric"
-0.32,"PNDE",-0.0574488234871306,0.0422326114099846,-0.140223220823776,0.0253255738495145,"Semiparametric"
-0.32,"TNDE",-0.0562441975415191,0.0423022231158041,-0.139155031314473,0.0266666362314346,"Semiparametric"
-0.32,"TE",-0.0511154514133933,0.0416593184662395,-0.132766215227707,0.0305353124009205,"Semiparametric"
-0.3,"PNIE",0.00374547168725867,0.00385308024846834,-0.00380642682928192,0.0112973702037993,"Semiparametric"
-0.3,"TNIE",0.00498824676985535,0.0032447033569837,-0.0013712549503489,0.0113477484900596,"Semiparametric"
-0.3,"PNDE",-0.0561036981832487,0.0421021412200818,-0.138622378646628,0.0264149822801308,"Semiparametric"
-0.3,"TNDE",-0.054860923100652,0.0421255750370696,-0.137425533001348,0.027703686800044,"Semiparametric"
-0.3,"TE",-0.0511154514133933,0.0416593184662395,-0.132766215227707,0.0305353124009205,"Semiparametric"
-0.28,"PNIE",0.00238930009583016,0.00365027488645263,-0.00476510721528802,0.00954370740694835,"Semiparametric"
-0.28,"TNIE",0.00366947684962691,0.00293894670841111,-0.0020907528513414,0.00942970655059522,"Semiparametric"
-0.28,"PNDE",-0.0547849282630202,0.0419805598205306,-0.13706531356209,0.0274954570360491,"Semiparametric"
-0.28,"TNDE",-0.0535047515092235,0.0419589134225096,-0.135742710647777,0.0287332076293296,"Semiparametric"
-0.28,"TE",-0.0511154514133933,0.0416593184662395,-0.132766215227707,0.0305353124009205,"Semiparametric"
-0.26,"PNIE",0.00105763536803936,0.00352366044041698,-0.00584861218892645,0.00796388292500518,"Semiparametric"
-0.26,"TNIE",0.00237453792158914,0.00270645928269671,-0.00293002479812052,0.0076791006412988,"Semiparametric"
-0.26,"PNDE",-0.0534899893349824,0.041867329561701,-0.135548447404786,0.0285684687348206,"Semiparametric"
-0.26,"TNDE",-0.0521730867814327,0.0418016254809091,-0.134102767219246,0.029756593656381,"Semiparametric"
-0.26,"TE",-0.0511154514133933,0.0416593184662395,-0.132766215227707,0.0305353124009205,"Semiparametric"
-0.24,"PNIE",-0.000251926755631514,0.0034769408371945,-0.00706660557290928,0.00656275206164625,"Semiparametric"
-0.24,"TNIE",0.00110109203296932,0.00256124053326117,-0.00391884716796673,0.00612103123390537,"Semiparametric"
-0.24,"PNDE",-0.0522165434463626,0.0417619740914558,-0.134068508588911,0.0296354216961855,"Semiparametric"
-0.24,"TNDE",-0.0508635246577618,0.0416531657814461,-0.132502229431472,0.0307751801159487,"Semiparametric"
-0.24,"TE",-0.0511154514133933,0.0416593184662395,-0.132766215227707,0.0305353124009205,"Semiparametric"
-0.22,"PNIE",-0.00154162382336293,0.00350937994642073,-0.00841988212641466,0.00533663447968879,"Semiparametric"
-0.22,"TNIE",-0.000153036655377188,0.00251318906395101,-0.0050787967070611,0.00477272339630672,"Semiparametric"
-0.22,"PNDE",-0.0509624147580161,0.0416640715672506,-0.132622494479127,0.0306976649630944,"Semiparametric"
-0.22,"TNDE",-0.0495738275900304,0.041513048819153,-0.130937908164023,0.0317902529839625,"Semiparametric"
-0.22,"TE",-0.0511154514133933,0.0416593184662395,-0.132766215227707,0.0305353124009205,"Semiparametric"
-0.2,"PNIE",-0.00281354852183877,0.00361560378194974,-0.00990000171682708,0.00427290467314954,"Semiparametric"
-0.2,"TNIE",-0.00138988311621384,0.00256337252813829,-0.00641400095032428,0.00363423471789659,"Semiparametric"
-0.2,"PNDE",-0.0497255682971795,0.0415732489017034,-0.131207638864837,0.0317565022704786,"Semiparametric"
-0.2,"TNDE",-0.0483019028915545,0.0413808426982058,-0.129406864229955,0.032803058446846,"Semiparametric"
-0.2,"TE",-0.0511154514133933,0.0416593184662395,-0.132766215227707,0.0305353124009205,"Semiparametric"
-0.18,"PNIE",-0.00406966789090118,0.00378679728155435,-0.0114916541795019,0.00335231839769953,"Semiparametric"
-0.18,"TNIE",-0.00261136014065951,0.00270280240347625,-0.00790875550880125,0.00268603522748223,"Semiparametric"
-0.18,"PNDE",-0.0485040912727338,0.0414891768797859,-0.129821383705326,0.0328132011598584,"Semiparametric"
-0.18,"TNDE",-0.0470457835224921,0.041256163758756,-0.12790637862994,0.0338148115849562,"Semiparametric"
-0.18,"TE",-0.0511154514133933,0.0416593184662395,-0.132766215227707,0.0305353124009205,"Semiparametric"
-0.16,"PNIE",-0.00531184034167426,0.00401260385559804,-0.013176399382873,0.00255271869952444,"Semiparametric"
-0.16,"TNIE",-0.00381927488697158,0.00291598047678818,-0.00953449160109834,0.00189594182715518,"Semiparametric"
-0.16,"PNDE",-0.0472961765264217,0.0414115660163836,-0.128461354461936,0.0338690014090929,"Semiparametric"
-0.16,"TNDE",-0.045803611071719,0.0411386720057705,-0.126433926574835,0.0348267044313973,"Semiparametric"
-0.16,"TE",-0.0511154514133933,0.0416593184662395,-0.132766215227707,0.0305353124009205,"Semiparametric"
-0.14,"PNIE",-0.00654183084413454,0.00428282793948609,-0.0149360193575092,0.00185235766924008,"Semiparametric"
-0.14,"TNIE",-0.0050153436492605,0.00318609129167681,-0.0112599678324037,0.00122928053388275,"Semiparametric"
-0.14,"PNDE",-0.0461001077641328,0.0413401630475361,-0.127125338452317,0.0349251229240515,"Semiparametric"
-0.14,"TNDE",-0.0445736205692588,0.0410280672246562,-0.124987154684873,0.0358399135463556,"Semiparametric"
-0.14,"TE",-0.0511154514133933,0.0416593184662395,-0.132766215227707,0.0305353124009205,"Semiparametric"
-0.12,"PNIE",-0.00776132459207595,0.00458847215493831,-0.0167545647598199,0.00123191557566803,"Semiparametric"
-0.12,"TNIE",-0.00620120514559059,0.00349848257840236,-0.0130581049998,0.000655694708618856,"Semiparametric"
-0.12,"PNDE",-0.0449142462678027,0.0412747479685363,-0.125811265757102,0.0359827732214962,"Semiparametric"
-0.12,"TNDE",-0.0433541268213174,0.0409240856897571,-0.123563860873472,0.0368556072308375,"Semiparametric"
-0.12,"TE",-0.0511154514133933,0.0416593184662395,-0.132766215227707,0.0305353124009205,"Semiparametric"
-0.1,"PNIE",-0.00897193940702815,0.00492212992844081,-0.0186191367939988,0.000675257979942544,"Semiparametric"
-0.1,"TNIE",-0.0073784325798124,0.00384181483150208,-0.0149082512848283,0.00015138612520349,"Semiparametric"
-0.1,"PNDE",-0.0437370188335809,0.0412151315482985,-0.124517192286326,0.0370431546191646,"Semiparametric"
-0.1,"TNDE",-0.0421435120063652,0.0408264973892193,-0.122161976504154,0.0378749524914232,"Semiparametric"
-0.1,"TE",-0.0511154514133933,0.0416593184662395,-0.132766215227707,0.0305353124009205,"Semiparametric"
-0.0800000000000001,"PNIE",-0.010175237105641,0.00527796696455323,-0.0205198622677575,0.000169388056475565,"Semiparametric"
-0.0800000000000001,"TNIE",-0.00854854469544754,0.004207845888597,-0.0167957710895926,-0.000301318301302476,"Semiparametric"
-0.0800000000000001,"PNDE",-0.0425669067179458,0.0411611532627792,-0.123241284675126,0.0381074712392348,"Semiparametric"
-0.0800000000000001,"TNDE",-0.0409402143077523,0.0407351037040823,-0.120779550474258,0.038899121858753,"Semiparametric"
-0.0800000000000001,"TE",-0.0511154514133933,0.0416593184662395,-0.132766215227707,0.0305353124009205,"Semiparametric"
-0.06,"PNIE",-0.0113727340255838,0.00565151418291461,-0.0224494982822137,-0.000295969768953823,"Semiparametric"
-0.06,"TNIE",-0.00971301601129581,0.00459077009571952,-0.0187107600602096,-0.000715271962382046,"Semiparametric"
-0.06,"PNDE",-0.0414024354020975,0.0411126796013979,-0.121981806728772,0.0391769359245769,"Semiparametric"
-0.06,"TNDE",-0.0397427173878095,0.0406497354914328,-0.119414734932097,0.0399293001564784,"Semiparametric"
-0.06,"TE",-0.0511154514133933,0.0416593184662395,-0.132766215227707,0.0305353124009205,"Semiparametric"
-0.04,"PNIE",-0.0125659108817763,0.0060394113159164,-0.0244029395487961,-0.000728882214756555,"Semiparametric"
-0.04,"TNIE",-0.0108732864058423,0.00498656070613402,-0.0206467657965876,-0.001099807015097,"Semiparametric"
-0.04,"PNDE",-0.040242165007551,0.0410696027098283,-0.120737107178183,0.0402527771630811,"Semiparametric"
-0.04,"TNDE",-0.038549540531617,0.0405702515315942,-0.118065772377272,0.0409666913140385,"Semiparametric"
-0.04,"TE",-0.0511154514133933,0.0416593184662395,-0.132766215227707,0.0305353124009205,"Semiparametric"
-0.02,"PNIE",-0.0137562221067392,0.00643916768533001,-0.0263767588604002,-0.00113568535307827,"Semiparametric"
-0.02,"TNIE",-0.0120307702000116,0.00539245113910266,-0.0225997802210448,-0.00146176017897843,"Semiparametric"
-0.02,"PNDE",-0.0390846812133817,0.0410318393406346,-0.119505608540459,0.0413362461136959,"Semiparametric"
-0.02,"TNDE",-0.0373592293066541,0.0404965373080118,-0.11673098392894,0.0420125253156316,"Semiparametric"
-0.02,"TE",-0.0511154514133933,0.0416593184662395,-0.132766215227707,0.0305353124009205,"Semiparametric"
0,"PNIE",-0.0149451048152518,0.00684896331629535,-0.0283688262466267,-0.00152138338387692,"Semiparametric"
0,"TNIE",-0.0131868648745909,0.0058065608982689,-0.0245675151092365,-0.00180621463994527,"Semiparametric"
0,"PNDE",-0.0379285865388024,0.0409993300903207,-0.1182857969061,0.0424286238284955,"Semiparametric"
0,"TNDE",-0.0361703465981415,0.0404285040961197,-0.115408758575366,0.0430680653790831,"Semiparametric"
0,"TE",-0.0511154514133933,0.0416593184662395,-0.132766215227707,0.0305353124009205,"Semiparametric"
0.02,"PNIE",-0.0161339875237644,0.00726749281345707,-0.0303780116960439,-0.00188996335148488,"Semiparametric"
0.02,"TNIE",-0.0143429595491701,0.00622763565598348,-0.0265489011437352,-0.002137017954605,"Semiparametric"
0.02,"PNDE",-0.0367724918642232,0.0409720389077134,-0.117076212496515,0.0435312287680688,"Semiparametric"
0.02,"TNDE",-0.0349814638896289,0.0403660883442806,-0.114097543241181,0.0441346154619232,"Semiparametric"
0.02,"TE",-0.0511154514133933,0.0416593184662395,-0.132766215227707,0.0305353124009205,"Semiparametric"
0.0399999999999999,"PNIE",-0.0173242987487273,0.00769384648221918,-0.0324039607564571,-0.00224463674099752,"Semiparametric"
0.0399999999999999,"TNIE",-0.0155004433433394,0.006654869036158,-0.0285437469760399,-0.00245713971063897,"Semiparametric"
0.0399999999999999,"PNDE",-0.0356150080700539,0.0409499528644512,-0.115875440852991,0.0446454247128833,"Semiparametric"
0.0399999999999999,"TNDE",-0.033791152664666,0.0403092513361633,-0.112795833527319,0.0452135281979871,"Semiparametric"
0.0399999999999999,"TE",-0.0511154514133933,0.0416593184662395,-0.132766215227707,0.0305353124009205,"Semiparametric"
0.0599999999999999,"PNIE",-0.0185174756049199,0.00812742128224861,-0.0344469286053115,-0.00258802260452824,"Semiparametric"
0.0599999999999999,"TNIE",-0.0166607137378859,0.00708778062794555,-0.0305525084989799,-0.00276891897679194,"Semiparametric"
0.0599999999999999,"PNDE",-0.0344547376755074,0.0409330821839008,-0.114682104532171,0.0457726291811563,"Semiparametric"
0.0599999999999999,"TNDE",-0.0325979758084734,0.0402579791298495,-0.111502164993344,0.0463062133763967,"Semiparametric"
0.0599999999999999,"TE",-0.0511154514133933,0.0416593184662395,-0.132766215227707,0.0305353124009205,"Semiparametric"
0.08,"PNIE",-0.0197149725248627,0.00856785472437597,-0.0365076592094109,-0.00292228584031443,"Semiparametric"
0.08,"TNIE",-0.0178251850537342,0.00752613221050042,-0.0325761331292018,-0.00307423697826655,"Semiparametric"
0.08,"PNDE",-0.0332902663596591,0.0409214605302604,-0.113494855193747,0.0469143224744286,"Semiparametric"
0.08,"TNDE",-0.0314004788885306,0.040212282774777,-0.110215104863234,0.0474141470861727,"Semiparametric"
0.08,"TE",-0.0511154514133933,0.0416593184662395,-0.132766215227707,0.0305353124009205,"Semiparametric"
0.1,"PNIE",-0.0209182702234755,0.0090149760768377,-0.0385872986555676,-0.00324924179138342,"Semiparametric"
0.1,"TNIE",-0.0189952971693693,0.00796986996005819,-0.034615955252551,-0.00337463908618761,"Semiparametric"
0.1,"PNDE",-0.032120154244024,0.0409151455651301,-0.112312365973893,0.0480720574858447,"Semiparametric"
0.1,"TNDE",-0.0301971811899178,0.0401721988134892,-0.108933244044139,0.0485388816643037,"Semiparametric"
0.1,"TE",-0.0511154514133933,0.0416593184662395,-0.132766215227707,0.0305353124009205,"Semiparametric"
0.12,"PNIE",-0.0221288850384277,0.00946877054079909,-0.0406873342762678,-0.00357043580058763,"Semiparametric"
0.12,"TNIE",-0.0201725246035911,0.0084190844703099,-0.036673626948199,-0.00367142225898326,"Semiparametric"
0.12,"PNDE",-0.0309429268098022,0.0409142197846049,-0.111133324043184,0.0492474704235794,"Semiparametric"
0.12,"TNDE",-0.0289865663749656,0.0401377900813235,-0.107655189353389,0.0496820566034574,"Semiparametric"
0.12,"TE",-0.0511154514133933,0.0416593184662395,-0.132766215227707,0.0305353124009205,"Semiparametric"
0.14,"PNIE",-0.0233483787863691,0.0099293531551738,-0.0428095533602889,-0.0038872042124493,"Semiparametric"
0.14,"TNIE",-0.0213583860999212,0.00887398314751792,-0.0387510734684717,-0.00396569873137072,"Semiparametric"
0.14,"PNDE",-0.0297570653134721,0.0409187916562062,-0.109956423250534,0.05044229262359,"Semiparametric"
0.14,"TNDE",-0.0277670726270242,0.0401091468237921,-0.106379555852286,0.0508454105982374,"Semiparametric"
0.14,"TE",-0.0511154514133933,0.0416593184662395,-0.132766215227707,0.0305353124009205,"Semiparametric"
0.16,"PNIE",-0.0245783692888294,0.0103969500541748,-0.0449560169440738,-0.00420072163358493,"Semiparametric"
0.16,"TNIE",-0.0225544548622101,0.00933487135102398,-0.0408504665105319,-0.0042584432138884,"Semiparametric"
0.16,"PNDE",-0.0285609965511832,0.0409289970819153,-0.108780356755082,0.0516583636527157,"Semiparametric"
0.16,"TNDE",-0.0265370821245639,0.040086388158783,-0.105104959186071,0.0520307949369435,"Semiparametric"
0.16,"TE",-0.0511154514133933,0.0416593184662395,-0.132766215227707,0.0305353124009205,"Semiparametric"
0.18,"PNIE",-0.0258205417396025,0.0108718853536026,-0.047129045476712,-0.00451203800249288,"Semiparametric"
0.18,"TNIE",-0.0237623696085222,0.00980213984688488,-0.0429742106798415,-0.00455052853720289,"Semiparametric"
0.18,"PNDE",-0.0273530818048711,0.0409450012214862,-0.107603809545933,0.0528976459361903,"Semiparametric"
0.18,"TNDE",-0.0252949096737908,0.0400696639190821,-0.103830007827816,0.0532401884802342,"Semiparametric"
0.18,"TE",-0.0511154514133933,0.0416593184662395,-0.132766215227707,0.0305353124009205,"Semiparametric"
0.2,"PNIE",-0.0270766611086649,0.0113545724269186,-0.0493312141252769,-0.00482210809205284,"Semiparametric"
0.2,"TNIE",-0.0249838466329679,0.0102762569396862,-0.0451249401306327,-0.00484275313530307,"Semiparametric"
0.2,"PNDE",-0.0261316047804254,0.0409670007194208,-0.106425450745117,0.0541622411842657,"Semiparametric"
0.2,"TNDE",-0.0240387903047284,0.0400591569204415,-0.102553295119832,0.0544757145103754,"Semiparametric"
0.2,"TE",-0.0511154514133933,0.0416593184662395,-0.132766215227707,0.0305353124009205,"Semiparametric"
0.22,"PNIE",-0.0283485858071407,0.0118455086913506,-0.0515653562207441,-0.00513181539353733,"Semiparametric"
0.22,"TNIE",-0.0262206930938045,0.0107577641852502,-0.0473055234510698,-0.00513586273653924,"Semiparametric"
0.22,"PNDE",-0.0248947583195888,0.0409952263898515,-0.105243925581764,0.0554544089425862,"Semiparametric"
0.22,"TNDE",-0.0227668656062526,0.0400550857119023,-0.101273390999246,0.0557396597867407,"Semiparametric"
0.22,"TE",-0.0511154514133933,0.0416593184662395,-0.132766215227707,0.0305353124009205,"Semiparametric"
0.24,"PNIE",-0.0296382828748721,0.0123452732919789,-0.053834573906455,-0.00544199184328924,"Semiparametric"
0.24,"TNIE",-0.027474821782151,0.0112472749560754,-0.0495190756202782,-0.00543056794402385,"Semiparametric"
0.24,"PNDE",-0.0236406296312423,0.0410299464266151,-0.104057846915016,0.0567765876525311,"Semiparametric"
0.24,"TNDE",-0.0214771685385212,0.0400577078788388,-0.0999888332842716,0.0570344962072292,"Semiparametric"
0.24,"TE",-0.0511154514133933,0.0416593184662395,-0.132766215227707,0.0305353124009205,"Semiparametric"
0.26,"PNIE",-0.030947844998543,0.0128545272745246,-0.056142255494899,-0.00575343450218701,"Semiparametric"
0.26,"TNIE",-0.0287482676707709,0.0117454753910972,-0.0517689764186229,-0.00572755892291885,"Semiparametric"
0.26,"PNDE",-0.0223671837426224,0.0410714702215933,-0.102865786169055,0.0581314186838097,"Semiparametric"
0.26,"TNDE",-0.0201676064148503,0.0400673239858702,-0.0986981183840537,0.0583629055543531,"Semiparametric"
0.26,"TE",-0.0511154514133933,0.0416593184662395,-0.132766215227707,0.0305353124009205,"Semiparametric"
0.28,"PNIE",-0.0322795097263338,0.0133740159954002,-0.0584920994059809,-0.00606692004668672,"Semiparametric"
0.28,"TNIE",-0.0300432065988086,0.0122531274504925,-0.054058895099753,-0.00602751809786423,"Semiparametric"
0.28,"PNDE",-0.0210722448145847,0.0411201528937732,-0.101666263525161,0.0595217738959913,"Semiparametric"
0.28,"TNDE",-0.0188359416870595,0.040084282267221,-0.0973996912769502,0.0597278079028312,"Semiparametric"
0.28,"TE",-0.0511154514133933,0.0416593184662395,-0.132766215227707,0.0305353124009205,"Semiparametric"
0.3,"PNIE",-0.0336356813177623,0.0139045736455389,-0.0608881448834034,-0.0063832177521212,"Semiparametric"
0.3,"TNIE",-0.0313619765190371,0.0127710739406139,-0.0563928214865383,-0.00633113155153586,"Semiparametric"
0.3,"PNDE",-0.0197534748943562,0.0411764006554153,-0.100457737191962,0.0609507874032493,"Semiparametric"
0.3,"TNDE",-0.017479770095631,0.0401089841973788,-0.0960919345789796,0.0611323943877176,"Semiparametric"
0.3,"TE",-0.0511154514133933,0.0416593184662395,-0.132766215227707,0.0305353124009205,"Semiparametric"
0.32,"PNIE",-0.0350189557586294,0.0144471298741134,-0.0633348099918643,-0.00670310152539452,"Semiparametric"
0.32,"TNIE",-0.032707101822919,0.0133002454914603,-0.0587751039717225,-0.00663909967411554,"Semiparametric"
0.32,"PNDE",-0.0184083495904743,0.041240677171581,-0.0992385915448162,0.0624218923638677,"Semiparametric"
0.32,"TNDE",-0.0160964956547639,0.0401418911064017,-0.0947731564946399,0.062580165185112,"Semiparametric"
0.32,"TE",-0.0511154514133933,0.0416593184662395,-0.132766215227707,0.0305353124009205,"Semiparametric"
0.34,"PNIE",-0.0364321495860447,0.015002718598714,-0.0658369377097134,-0.00702736146237611,"Semiparametric"
0.34,"TNIE",-0.0340813213706717,0.013841669572163,-0.061210495218015,-0.00695214752332832,"Semiparametric"
0.34,"PNDE",-0.0170341300427216,0.0413135111067974,-0.0980071238869399,0.0639388638014967,"Semiparametric"
0.34,"TNDE",-0.0146833018273486,0.0401835320438197,-0.0934415774048464,0.0640749737501493,"Semiparametric"
0.34,"TE",-0.0511154514133933,0.0416593184662395,-0.132766215227707,0.0305353124009205,"Semiparametric"
0.36,"PNIE",-0.0378783333142586,0.0155724891877563,-0.0683998512719004,-0.00735681535661684,"Semiparametric"
0.36,"TNIE",-0.0354876209952519,0.0143964817286695,-0.0637042066875331,-0.00727103530297065,"Semiparametric"
0.36,"PNDE",-0.0156278304181414,0.0413955051001576,-0.0967615295362944,0.0655058687000116,"Semiparametric"
0.36,"TNDE",-0.0132371180991347,0.0402345131452172,-0.0920953147992638,0.0656210786009944,"Semiparametric"
0.36,"TE",-0.0511154514133933,0.0416593184662395,-0.132766215227707,0.0305353124009205,"Semiparametric"
0.38,"PNIE",-0.0393608704377058,0.016157720306225,-0.0710294203101782,-0.00769232056523336,"Semiparametric"
0.38,"TNIE",-0.0369292714297406,0.0149659393306365,-0.0662619735125997,-0.00759656934688151,"Semiparametric"
0.38,"PNDE",-0.0141861799836527,0.0414873464708045,-0.0954998848805645,0.067127524913259,"Semiparametric"
0.38,"TNDE",-0.0117545809756875,0.04029552881956,-0.0907323662000209,0.0672232042486458,"Semiparametric"
0.38,"TE",-0.0511154514133933,0.0416593184662395,-0.132766215227707,0.0305353124009205,"Semiparametric"
0.4,"PNIE",-0.0408834632257163,0.0167598368349994,-0.073732139809083,-0.00803478664234961,"Semiparametric"
0.4,"TNIE",-0.0384098728390873,0.0155514382296617,-0.0688901316770236,-0.00792961400115096,"Semiparametric"
0.4,"PNDE",-0.012705578574306,0.0415898200337259,-0.0942201279639112,0.0688089708152992,"Semiparametric"
0.4,"TNDE",-0.010231988187677,0.0403673751576157,-0.0893505896470207,0.0688866132716667,"Semiparametric"
0.4,"TE",-0.0511154514133933,0.0416593184662395,-0.132766215227707,0.0305353124009205,"Semiparametric"
0.42,"PNIE",-0.0424502068306707,0.0173804304156877,-0.0765152244812231,-0.0083851891801184,"Semiparametric"
0.42,"TNIE",-0.0399334074360241,0.0161545328673151,-0.0715957100430303,-0.00827110482901795,"Semiparametric"
0.42,"PNDE",-0.0111820439773692,0.0417038235068865,-0.0929200360684816,0.0705559481137433,"Semiparametric"
0.42,"TNDE",-0.00866524458272256,0.0404509660684528,-0.0879476812167418,0.0706171920512967,"Semiparametric"
0.42,"TE",-0.0511154514133933,0.0416593184662395,-0.132766215227707,0.0305353124009205,"Semiparametric"
0.44,"PNIE",-0.0440656536311573,0.0180212843478785,-0.0793867219081545,-0.00874458535416004,"Semiparametric"
0.44,"TNIE",-0.0415043020497116,0.0167769605395926,-0.0743865404773628,-0.00862206362206034,"Semiparametric"
0.44,"PNDE",-0.00961114936368173,0.0418303861228421,-0.0915971996238563,0.0723749008964928,"Semiparametric"
0.44,"TNDE",-0.00704979778223601,0.0405473527903867,-0.0865211489198335,0.0724215533553615,"Semiparametric"
0.44,"TE",-0.0511154514133933,0.0416593184662395,-0.132766215227707,0.0305353124009205,"Semiparametric"
0.46,"PNIE",-0.0457348902560271,0.0186844037880133,-0.0823556487531368,-0.00911413175891732,"Semiparametric"
0.46,"TNIE",-0.043127503025558,0.0174206707380778,-0.0772713902587213,-0.00898361579239466,"Semiparametric"
0.46,"PNDE",-0.00798794838783534,0.0419706912321645,-0.0902489916091287,0.074273094833458,"Semiparametric"
0.46,"TNDE",-0.00538056115736624,0.0406577476064561,-0.0850682821585397,0.0743071598438072,"Semiparametric"
0.46,"TE",-0.0511154514133933,0.0416593184662395,-0.132766215227707,0.0305353124009205,"Semiparametric"
0.48,"PNIE",-0.0474636304290707,0.01937205248758,-0.085432155611347,-0.00949510524679448,"Semiparametric"
0.48,"TNIE",-0.0448085665093455,0.0180878607655642,-0.0802601221672263,-0.00935701085146466,"Semiparametric"
0.48,"PNDE",-0.0063068849040478,0.0421261039177739,-0.0888725313918763,0.0762587615837807,"Semiparametric"
0.48,"TNDE",-0.00365182098432257,0.0407835528389438,-0.0835861157102388,0.0762824737415936,"Semiparametric"
0.48,"TE",-0.0511154514133933,0.0416593184662395,-0.132766215227707,0.0305353124009205,"Semiparametric"
0.5,"PNIE",-0.0492583277009266,0.0200867976893163,-0.088627727736729,-0.00988892766512432,"Semiparametric"
0.5,"TNIE",-0.0465537680701204,0.018781019190528,-0.0833638892765109,-0.00974364686372995,"Semiparametric"
0.5,"PNDE",-0.00456168334327289,0.0422982049506408,-0.0874646416572226,0.0783412749706768,"Semiparametric"
0.5,"TNDE",-0.00185712371246666,0.0409263965257638,-0.0820713869199689,0.0783571394950356,"Semiparametric"
0.5,"TE",-0.0511154514133933,0.0416593184662395,-0.132766215227707,0.0305353124009205,"Semiparametric"
0.52,"PNIE",-0.0511263133858418,0.0208315653108017,-0.0919554311366071,-0.0102971956350765,"Semiparametric"
0.52,"TNIE",-0.0483702368328149,0.0195029791965553,-0.0865953736492972,-0.0101451000163325,"Semiparametric"
0.52,"PNDE",-0.00274521458057845,0.0424888328400465,-0.0860217966922123,0.0805313675310554,"Semiparametric"
0.52,"TNDE",1.08619724485323e-05,0.0410881766271834,-0.0805204844072513,0.0805422083521484,"Semiparametric"
0.52,"TE",-0.0511154514133933,0.0416593184662395,-0.132766215227707,0.0305353124009205,"Semiparametric"
0.54,"PNIE",-0.0530759667281607,0.0216097082389588,-0.0954302165929385,-0.010721716863383,"Semiparametric"
0.54,"TNIE",-0.0502661209517372,0.0202569845514191,-0.089969081107903,-0.0105631607955715,"Semiparametric"
0.54,"PNDE",-0.000849330461656063,0.0427001363118958,-0.0845400597679228,0.0828413988446107,"Semiparametric"
0.54,"TNDE",0.00196051531476742,0.041271116222935,-0.0789293860839519,0.0828504167134867,"Semiparametric"
0.54,"TE",-0.0511154514133933,0.0416593184662395,-0.132766215227707,0.0305353124009205,"Semiparametric"
0.56,"PNIE",-0.055116926681285,0.0224250915154047,-0.0990692984014929,-0.0111645549610772,"Semiparametric"
0.56,"TNIE",-0.0522507935489092,0.0210467718419568,-0.0935017083499761,-0.0109998787478422,"Semiparametric"
0.56,"PNDE",0.00113534213551587,0.0429346403548097,-0.0830150066490911,0.0852856909201229,"Semiparametric"
0.56,"TNDE",0.00400147526789175,0.0414778330092393,-0.0772935835869838,0.0852965341227673,"Semiparametric"
0.56,"TE",-0.0511154514133933,0.0416593184662395,-0.132766215227707,0.0305353124009205,"Semiparametric"
0.58,"PNIE",-0.0572603579806215,0.023282199528854,-0.102892630538051,-0.0116280854231923,"Semiparametric"
0.58,"TNIE",-0.0543351114490236,0.0218766739085198,-0.0972126044112495,-0.0114576184867978,"Semiparametric"
0.58,"PNDE",0.00321966003563031,0.0431953301084555,-0.0814416312772611,0.0878809513485217,"Semiparametric"
0.58,"TNDE",0.00614490656722822,0.0417114276003929,-0.0756079892732918,0.0878978024077482,"Semiparametric"
0.58,"TE",-0.0511154514133933,0.0416593184662395,-0.132766215227707,0.0305353124009205,"Semiparametric"
0.6,"PNIE",-0.0595192888723198,0.024186272225193,-0.10692351135398,-0.01211506639066,"Semiparametric"
0.6,"TNIE",-0.056531743594008,0.0227517512384177,-0.101124356606521,-0.0119391305814948,"Semiparametric"
0.6,"PNDE",0.0054162921806147,0.0434857584881423,-0.079814228296551,0.0906468126577804,"Semiparametric"
0.6,"TNDE",0.00840383745892648,0.041975596844715,-0.073866820586288,0.0906744955041409,"Semiparametric"
0.6,"TE",-0.0511154514133933,0.0416593184662395,-0.132766215227707,0.0305353124009205,"Semiparametric"
0.62,"PNIE",-0.0619090446020882,0.0251434800737817,-0.111189359992701,-0.0126287292114755,"Semiparametric"
0.62,"TNIE",-0.0588555925767113,0.0236779607068506,-0.105263542789493,-0.0124476423639296,"Semiparametric"
0.62,"PNDE",0.00774014116331796,0.0438101857867984,-0.0781262451348154,0.0936065274614513,"Semiparametric"
0.62,"TNDE",0.0107935931886949,0.0422747808346455,-0.0720634547015343,0.0936506410789241,"Semiparametric"
0.62,"TE",-0.0511154514133933,0.0416593184662395,-0.132766215227707,0.0305353124009205,"Semiparametric"
0.64,"PNIE",-0.0644478106449935,0.0261611515235761,-0.115722725425298,-0.0131728958646892,"Semiparametric"
0.64,"TNIE",-0.0613243423374656,0.0246623749042007,-0.109661708922923,-0.0129869757520078,"Semiparametric"
0.64,"PNDE",0.0102088909240723,0.0441737629539258,-0.0763700935272319,0.0967878753753765,"Semiparametric"
0.64,"TNDE",0.0133323592316002,0.0426143559286401,-0.0701902436129052,0.0968549620761057,"Semiparametric"
0.64,"TE",-0.0511154514133933,0.0416593184662395,-0.132766215227707,0.0305353124009205,"Semiparametric"
0.66,"PNIE",-0.067157374391818,0.0272480726420205,-0.120562615418309,-0.0137521333653268,"Semiparametric"
0.66,"TNIE",-0.0639591793955769,0.0257134710322133,-0.114356656536229,-0.0135617022549248,"Semiparametric"
0.66,"PNDE",0.0128437279821836,0.0445827754410923,-0.0745369062131942,0.100224362177561,"Semiparametric"
0.66,"TNDE",0.0160419229784247,0.0430008915587901,-0.0682382757799162,0.100322121736766,"Semiparametric"
0.66,"TE",-0.0511154514133933,0.0416593184662395,-0.132766215227707,0.0305353124009205,"Semiparametric"
0.68,"PNIE",-0.0700641164374888,0.0284148877008107,-0.125756272955828,-0.0143719599191498,"Semiparametric"
0.68,"TNIE",-0.0667857567991458,0.0268415170944644,-0.119394163594712,-0.0141773500035793,"Semiparametric"
0.68,"PNDE",0.0156703053857525,0.0450449724500495,-0.0726162183009436,0.103956829072449,"Semiparametric"
0.68,"TNDE",0.0189486650240955,0.0434424969476569,-0.0661970643918032,0.104094394439994,"Semiparametric"
0.68,"TE",-0.0511154514133933,0.0416593184662395,-0.132766215227707,0.0305353124009205,"Semiparametric"
0.7,"PNIE",-0.0732003575323688,0.0296746435928324,-0.131361590228383,-0.015039124836355,"Semiparametric"
0.7,"TNIE",-0.0698355039289729,0.0280590967156834,-0.124830322930439,-0.0148406849275072,"Semiparametric"
0.7,"PNDE",0.0187200525155796,0.045570018860813,-0.0705955432264249,0.108035648257584,"Semiparametric"
0.7,"TNDE",0.0220849061189755,0.0439492969221561,-0.0640541329943075,0.108223945232259,"Semiparametric"
0.7,"TE",-0.0511154514133933,0.0416593184662395,-0.132766215227707,0.0305353124009205,"Semiparametric"
0.72,"PNIE",-0.0766062229772011,0.0310435434984979,-0.137450450186759,-0.0157619957676427,"Semiparametric"
0.72,"TNIE",-0.073147439475609,0.029381835642757,-0.130734779135088,-0.0155600998161301,"Semiparametric"
0.72,"PNDE",0.0220319880622157,0.0461701270848325,-0.0684597981856932,0.112523774310125,"Semiparametric"
0.72,"TNDE",0.0254907715638078,0.0445340969666868,-0.0617944545749129,0.112775997702528,"Semiparametric"
0.72,"TE",-0.0511154514133933,0.0416593184662395,-0.132766215227707,0.0305353124009205,"Semiparametric"
0.74,"PNIE",-0.0803322776809487,0.0325420121990822,-0.144113449575613,-0.0165511057862845,"Semiparametric"
0.74,"TNIE",-0.0767707338252954,0.0308294286207935,-0.137195303585999,-0.0163461640645919,"Semiparametric"
0.74,"PNDE",0.0256552824119021,0.0468609590408037,-0.0661905095890797,0.117501074412884,"Semiparametric"
0.74,"TNDE",0.0292168262675554,0.0452133322148915,-0.0593996764946766,0.117833329029787,"Semiparametric"
0.74,"TE",-0.0511154514133933,0.0416593184662395,-0.132766215227707,0.0305353124009205,"Semiparametric"
0.76,"PNIE",-0.08444333996236,0.0341962380646533,-0.151466734975838,-0.017419944948882,"Semiparametric"
0.76,"TNIE",-0.0807684176812153,0.0324271256995569,-0.1443244161745,-0.0172124191879306,"Semiparametric"
0.76,"PNDE",0.029652966267822,0.0476629445695255,-0.063764688485577,0.123070621021221,"Semiparametric"
0.76,"TNDE",0.0333278885489667,0.0460084538897885,-0.0568470240593906,0.123502801157324,"Semiparametric"
0.76,"TE",-0.0511154514133933,0.0416593184662395,-0.132766215227707,0.0305353124009205,"Semiparametric"
0.78,"PNIE",-0.0890241540500916,0.0360404666993802,-0.159662170766892,-0.0183861373332912,"Semiparametric"
0.78,"TNIE",-0.085222898122511,0.0342079429978173,-0.152269234383432,-0.0181765618615899,"Semiparametric"
0.78,"PNDE",0.0341074467091177,0.0486032616657665,-0.0611531956869608,0.129368089105196,"Semiparametric"
0.78,"TNDE",0.0379087026366983,0.046948010439095,-0.0541077069697384,0.129925112243135,"Semiparametric"
0.78,"TE",-0.0511154514133933,0.0416593184662395,-0.132766215227707,0.0305353124009205,"Semiparametric"
0.8,"PNIE",-0.0941880986944838,0.0381205224209937,-0.168902949711483,-0.0194732476774845,"Semiparametric"
0.8,"TNIE",-0.0902444270424436,0.0362160568571455,-0.161226594144503,-0.0192622599403836,"Semiparametric"
0.8,"PNDE",0.0391289756290502,0.0497189061399505,-0.05831828975598,0.13657624101408,"Semiparametric"
0.8,"TNDE",0.0430726472810905,0.048070871306337,-0.0511445291847898,0.137289823746971,"Semiparametric"
0.8,"TE",-0.0511154514133933,0.0416593184662395,-0.132766215227707,0.0305353124009205,"Semiparametric"
