"Study","SampleSize","Scenario","Method","Effect","Replications","SuccessRate","Bias","RMSE","Coverage95","MonteCarloSE","AvgLength"
"Main",200,"Asymmetric mixture","OLS","PNIE",1000,1,0.000680467729137474,0.126206048373134,0.942,0.00739161687318817,0.474944173419027
"Main",200,"Asymmetric mixture","OLS","TNIE",1000,1,-0.00049348630863671,0.0501848262013888,0.895,0.00969407035254026,0.189526013179224
"Main",200,"Asymmetric mixture","OLS","PNDE",1000,1,0.00884198950155248,0.183396149198769,0.948,0.00702111102319284,0.701650096821194
"Main",200,"Asymmetric mixture","OLS","TNDE",1000,1,0.00766803546377821,0.186459125941633,0.933,0.00790638982089803,0.699142081895386
"Main",200,"Asymmetric mixture","OLS","TE",1000,1,0.00834850319291568,0.168339139401384,0.946,0.00714730718522718,0.646136235235243
"Main",200,"Asymmetric mixture","Semiparametric","PNIE",887,0.887,-0.00117997248785829,0.0550680963965922,0.940248027057497,0.00795857897724651,0.119988285289224
"Main",200,"Asymmetric mixture","Semiparametric","TNIE",887,0.887,0.000178314585784239,0.0212392466058965,0.939120631341601,0.00802849148076827,0.0504467403652802
"Main",200,"Asymmetric mixture","Semiparametric","PNDE",887,0.887,0.0022838154231614,0.0934480065575714,0.934611048478016,0.00830053016744706,0.331686233538354
"Main",200,"Asymmetric mixture","Semiparametric","TNDE",887,0.887,0.00364210249680381,0.0931620086795135,0.93348365276212,0.00836672981175831,0.333091757844524
"Main",200,"Asymmetric mixture","Semiparametric","TE",887,0.887,0.00246213000894553,0.0882004405536365,0.936865839909808,0.00816599473632616,0.326500376016704
"Main",200,"Gaussian","OLS","PNIE",1000,1,0.00281388817582172,0.121323768813448,0.947,0.00708456067798138,0.46670468270403
"Main",200,"Gaussian","OLS","TNIE",1000,1,0.0011465427222976,0.0531843167891772,0.925,0.00832916562447884,0.197395204869102
"Main",200,"Gaussian","OLS","PNDE",1000,1,-0.00176659457727395,0.177681649602713,0.95,0.00689202437604511,0.698445007912748
"Main",200,"Gaussian","OLS","TNDE",1000,1,-0.00343394003079814,0.176499875471078,0.946,0.00714730718522718,0.699010641056508
"Main",200,"Gaussian","OLS","TE",1000,1,-0.000620051854976445,0.161916042545557,0.949,0.00695693898205238,0.642708414996039
"Main",200,"Gaussian","Semiparametric","PNIE",1000,1,0.00353593941778541,0.129718708451543,0.932,0.00796090447122687,0.494578503978428
"Main",200,"Gaussian","Semiparametric","TNIE",1000,1,0.00112429813547393,0.0555694532435268,0.912,0.00895857131466843,0.209614024318002
"Main",200,"Gaussian","Semiparametric","PNDE",1000,1,-0.00236758785351782,0.191081834862515,0.934,0.00785136930732467,0.742394094006258
"Main",200,"Gaussian","Semiparametric","TNDE",1000,1,-0.00477922913582939,0.188551793301718,0.941,0.00745110730026082,0.740241163075531
"Main",200,"Gaussian","Semiparametric","TE",1000,1,-0.00124328971804399,0.174509609930444,0.938,0.00762600813007697,0.681724949896421
"Main",200,"Skew-normal","OLS","PNIE",1000,1,0.00487503134449421,0.121964304845012,0.945,0.00720936890441875,0.469212762649071
"Main",200,"Skew-normal","OLS","TNIE",1000,1,0.00086327541488104,0.0508968065736378,0.911,0.00900438781928011,0.194110931201038
"Main",200,"Skew-normal","OLS","PNDE",1000,1,-0.00134998621650592,0.184704958641772,0.936,0.0077397674383666,0.700715681837381
"Main",200,"Skew-normal","OLS","TNDE",1000,1,-0.00536174214611916,0.181062704235872,0.951,0.00682634602111555,0.700669334378946
"Main",200,"Skew-normal","OLS","TE",1000,1,-0.000486710801624953,0.17081774766461,0.937,0.00768316341099159,0.644676799566681
"Main",200,"Skew-normal","Semiparametric","PNIE",1000,1,0.00454796168657212,0.10002809762788,0.951,0.00682634602111555,0.38835237650248
"Main",200,"Skew-normal","Semiparametric","TNIE",1000,1,0.00158167062674334,0.0427955692232798,0.918,0.00867617427210864,0.162954482200931
"Main",200,"Skew-normal","Semiparametric","PNDE",1000,1,-0.00130293198737841,0.155358737930939,0.941,0.00745110730026082,0.594135350527975
"Main",200,"Skew-normal","Semiparametric","TNDE",1000,1,-0.00426922304720728,0.151708290147762,0.949,0.00695693898205238,0.596548592904572
"Main",200,"Skew-normal","Semiparametric","TE",1000,1,0.00027873863936486,0.143571880856722,0.936,0.0077397674383666,0.55271312991391
"Main",200,"Symmetric bimodal","OLS","PNIE",1000,1,0.00423325592688411,0.119150552354985,0.94,0.00750999334220744,0.469743990601397
"Main",200,"Symmetric bimodal","OLS","TNIE",1000,1,-0.00225015688239605,0.0504252410521638,0.902,0.00940191469861325,0.193358946298882
"Main",200,"Symmetric bimodal","OLS","PNDE",1000,1,0.0046879065472043,0.168611330500033,0.953,0.00669260786241059,0.69953500810428
"Main",200,"Symmetric bimodal","OLS","TNDE",1000,1,-0.00179550626207595,0.177167414177771,0.944,0.00727076337120113,0.698397658220196
"Main",200,"Symmetric bimodal","OLS","TE",1000,1,0.00243774966480814,0.156981875658483,0.957,0.00641490451994416,0.645521563268589
"Main",200,"Symmetric bimodal","Semiparametric","PNIE",921,0.921,5.92370234025638e-06,0.0343348596489084,0.92942453854506,0.00843925511011725,0.121076370288177
"Main",200,"Symmetric bimodal","Semiparametric","TNIE",921,0.921,-0.000239903253768633,0.0305181404691231,0.928338762214984,0.00849895598008982,0.0500844806064729
"Main",200,"Symmetric bimodal","Semiparametric","PNDE",921,0.921,0.00228820708587464,0.120222554124562,0.947882736156352,0.00732383067957792,0.334865531070487
"Main",200,"Symmetric bimodal","Semiparametric","TNDE",921,0.921,0.00204238012976566,0.114151070051726,0.933767643865364,0.00819454223282348,0.333793819806637
"Main",200,"Symmetric bimodal","Semiparametric","TE",921,0.921,0.00204830383210592,0.110172970589224,0.950054288816504,0.00717783543401318,0.327030175537515
"Main",500,"Asymmetric mixture","OLS","PNIE",1000,1,-0.00434849997021347,0.0753179663566907,0.946,0.00714730718522718,0.299344374511165
"Main",500,"Asymmetric mixture","OLS","TNIE",1000,1,0.000244817826515687,0.0308629945652274,0.928,0.00817410545564467,0.120008138931301
"Main",500,"Asymmetric mixture","OLS","PNDE",1000,1,0.0069662689449993,0.115701110111908,0.94,0.00750999334220744,0.443904591778274
"Main",500,"Asymmetric mixture","OLS","TNDE",1000,1,0.0115595867417284,0.110826536840061,0.956,0.00648567652600714,0.443253500775556
"Main",500,"Asymmetric mixture","OLS","TE",1000,1,0.00721108677151492,0.106296412405706,0.947,0.00708456067798138,0.408906433206055
"Main",500,"Asymmetric mixture","Semiparametric","PNIE",999,0.999,-0.000270505809175238,0.0191851005649966,0.948948948948949,0.00696371557232245,0.0740280316685692
"Main",500,"Asymmetric mixture","Semiparametric","TNIE",999,0.999,0.000187394534985487,0.00756141984559823,0.942942942942943,0.00733862416953931,0.0297136357582616
"Main",500,"Asymmetric mixture","Semiparametric","PNDE",999,0.999,0.00223659402055358,0.0550054590361513,0.947947947947948,0.00702794621188721,0.208817464040522
"Main",500,"Asymmetric mixture","Semiparametric","TNDE",999,0.999,0.00269449436471421,0.0553772662005099,0.947947947947948,0.00702794621188721,0.208854725919901
"Main",500,"Asymmetric mixture","Semiparametric","TE",999,0.999,0.00242398855553898,0.0538676903535088,0.947947947947948,0.00702794621188721,0.20450112022793
"Main",500,"Gaussian","OLS","PNIE",1000,1,0.00138236035875021,0.0743824384707652,0.956,0.00648567652600714,0.296759713930525
"Main",500,"Gaussian","OLS","TNIE",1000,1,0.000471072530439876,0.0311976182474794,0.941,0.00745110730026082,0.121907065944574
"Main",500,"Gaussian","OLS","PNDE",1000,1,-0.0062713561363786,0.114032770051521,0.958,0.00634318531969546,0.444049788484633
"Main",500,"Gaussian","OLS","TNDE",1000,1,-0.00718264396468903,0.117235555700268,0.931,0.00801492358042171,0.443108803859021
"Main",500,"Gaussian","OLS","TE",1000,1,-0.00580028360593881,0.107007769336868,0.946,0.00714730718522718,0.409314517378358
"Main",500,"Gaussian","Semiparametric","PNIE",1000,1,0.00114199459742289,0.0776771672900127,0.958,0.00634318531969546,0.311103995977107
"Main",500,"Gaussian","Semiparametric","TNIE",1000,1,0.0010473771273717,0.0329983860573012,0.93,0.00806845710157772,0.127420336521826
"Main",500,"Gaussian","Semiparametric","PNDE",1000,1,-0.00601949023973828,0.118804395737302,0.953,0.00669260786241059,0.461855842978762
"Main",500,"Gaussian","Semiparametric","TNDE",1000,1,-0.00611410770978957,0.121554270677474,0.934,0.00785136930732467,0.461033884890099
"Main",500,"Gaussian","Semiparametric","TE",1000,1,-0.00497211311236667,0.110735084675815,0.95,0.00689202437604511,0.424388697007487
"Main",500,"Skew-normal","OLS","PNIE",1000,1,0.000308720428603725,0.0769771203752427,0.955,0.00655553201502365,0.297638713611593
"Main",500,"Skew-normal","OLS","TNIE",1000,1,0.00142958958200847,0.0311390539837481,0.93,0.00806845710157772,0.122143419548234
"Main",500,"Skew-normal","OLS","PNDE",1000,1,-0.00286050173385544,0.116281364156803,0.941,0.00745110730026082,0.444041428679062
"Main",500,"Skew-normal","OLS","TNDE",1000,1,-0.00173963258045077,0.117677066150563,0.942,0.00739161687318817,0.444096366406264
"Main",500,"Skew-normal","OLS","TE",1000,1,-0.00143091215184708,0.108570980036452,0.948,0.00702111102319284,0.409238531378631
"Main",500,"Skew-normal","Semiparametric","PNIE",1000,1,0.00421886640781876,0.0585606848886724,0.942,0.00739161687318817,0.233088698103504
"Main",500,"Skew-normal","Semiparametric","TNIE",1000,1,0.000208854031451925,0.0237585520832512,0.938,0.00762600813007697,0.0951160002718334
"Main",500,"Skew-normal","Semiparametric","PNDE",1000,1,-0.00109623356701161,0.0926048317708995,0.943,0.00733150734842434,0.360922599972153
"Main",500,"Skew-normal","Semiparametric","TNDE",1000,1,-0.00510624594337853,0.0937400040775148,0.944,0.00727076337120113,0.361059883420739
"Main",500,"Skew-normal","Semiparametric","TE",1000,1,-0.000887379535559777,0.0870687333872148,0.944,0.00727076337120113,0.33652868934566
"Main",500,"Symmetric bimodal","OLS","PNIE",1000,1,-0.00276081680735997,0.0763687198547446,0.945,0.00720936890441875,0.298040149412729
"Main",500,"Symmetric bimodal","OLS","TNIE",1000,1,0.000122362148603088,0.0319045798318646,0.934,0.00785136930732467,0.122028584761813
"Main",500,"Symmetric bimodal","OLS","PNDE",1000,1,-0.00267760053426116,0.109562633197281,0.953,0.00669260786241059,0.443344958854435
"Main",500,"Symmetric bimodal","OLS","TNDE",1000,1,0.000205578421701809,0.109110260470819,0.963,0.00596917079668525,0.443541257236838
"Main",500,"Symmetric bimodal","OLS","TE",1000,1,-0.00255523838565816,0.101144080482708,0.955,0.00655553201502365,0.408943472286366
"Main",500,"Symmetric bimodal","Semiparametric","PNIE",1000,1,-0.000167162944703825,0.0188987693207082,0.959,0.00627048642451286,0.0761454828917513
"Main",500,"Symmetric bimodal","Semiparametric","TNIE",1000,1,0.000253479232640433,0.00787048328962352,0.939,0.00756828910652864,0.0307461284721439
"Main",500,"Symmetric bimodal","Semiparametric","PNDE",1000,1,-0.00106921977786337,0.0538052750204257,0.937,0.00768316341099159,0.210434687121525
"Main",500,"Symmetric bimodal","Semiparametric","TNDE",1000,1,-0.000648577600519204,0.0534282676232106,0.955,0.00655553201502365,0.210564247169593
"Main",500,"Symmetric bimodal","Semiparametric","TE",1000,1,-0.000815740545223006,0.0525116351471387,0.941,0.00745110730026082,0.205800961227456
