"Study","SampleSize","Scenario","Effect","Attempts","PairedFits","SuccessRate","BiasOLS","BiasProposed","RMSEratio","RMSEratioMCSE","LengthRatio","CoverageOLS","CoverageProposed","ReportAndCover"
"Main",200,"Gaussian","PNIE",1000,1000,1,0.00281388817582173,0.00353593941778541,1.06919451744863,0.0125384165972569,1.05972475166287,0.947,0.932,0.932
"Main",200,"Gaussian","TNIE",1000,1000,1,0.0011465427222976,0.00112429813547392,1.04484661265471,0.0141509552145401,1.06190028504999,0.925,0.912,0.912
"Main",200,"Gaussian","PNDE",1000,1000,1,-0.00176659457727393,-0.00236758785351781,1.0754168215444,0.0122566203096231,1.06292418958631,0.95,0.934,0.934
"Main",200,"Gaussian","TNDE",1000,1000,1,-0.00343394003079805,-0.00477922913582938,1.06828286874693,0.0107141805800657,1.05898411211123,0.946,0.941,0.941
"Main",200,"Gaussian","TE",1000,1000,1,-0.000620051854976462,-0.001243289718044,1.07777837938044,0.0119631876574361,1.06070643232612,0.949,0.938,0.938
"Main",200,"Skew-normal","PNIE",1000,1000,1,0.00487503134449421,0.00454796168657214,0.820142399491329,0.0146291943868049,0.827667973713948,0.945,0.951,0.951
"Main",200,"Skew-normal","TNIE",1000,1000,1,0.000863275414881035,0.00158167062674335,0.840830144448511,0.0165717840536042,0.839491527822108,0.911,0.918,0.918
"Main",200,"Skew-normal","PNDE",1000,1000,1,-0.00134998621650589,-0.0013029319873784,0.841118392669962,0.0127513516911279,0.847897893436698,0.936,0.941,0.941
"Main",200,"Skew-normal","TNDE",1000,1000,1,-0.00536174214611919,-0.00426922304720734,0.837877081246561,0.01290305801844,0.851398175479359,0.951,0.949,0.949
"Main",200,"Skew-normal","TE",1000,1000,1,-0.000486710801624951,0.000278738639364839,0.840497447247794,0.0124141415877296,0.85734918688778,0.937,0.936,0.936
"Main",200,"Asymmetric mixture","PNIE",1000,887,0.887,-0.00207600581409099,-0.0011799724878583,0.444491973578054,0.146649415270838,0.251466410395931,0.949267192784667,0.940248027057497,0.834
"Main",200,"Asymmetric mixture","TNIE",1000,887,0.887,-0.0015595194349759,0.00017831458578424,0.442135515775273,0.0917297840354053,0.266548034511925,0.904171364148816,0.939120631341601,0.833
"Main",200,"Asymmetric mixture","PNDE",1000,887,0.887,0.0138359465408794,0.0022838154231614,0.533010781813604,0.0274726777455832,0.471633434683605,0.959413754227734,0.934611048478016,0.829
"Main",200,"Asymmetric mixture","TNDE",1000,887,0.887,0.0143524329199943,0.0036421024968037,0.522887812688901,0.0291778486825198,0.475970875630127,0.944757609921082,0.93348365276212,0.828
"Main",200,"Asymmetric mixture","TE",1000,887,0.887,0.0122764271059034,0.00246213000894556,0.549509981977973,0.0162159803105718,0.504126918152703,0.966178128523112,0.936865839909808,0.831
"Main",200,"Symmetric bimodal","PNIE",1000,921,0.921,0.00308384898089043,5.92370234025683e-06,0.289245798668827,0.0160249856983777,0.258020284944483,0.942453854505972,0.92942453854506,0.856
"Main",200,"Symmetric bimodal","TNIE",1000,921,0.921,-0.00131201693396171,-0.000239903253768631,0.59932163211344,0.0820349444468615,0.258134879123865,0.905537459283388,0.928338762214984,0.855
"Main",200,"Symmetric bimodal","PNDE",1000,921,0.921,0.00526313511066757,0.00228820708587464,0.740085050361342,0.0752007833640183,0.478418017426752,0.960912052117264,0.947882736156352,0.873
"Main",200,"Symmetric bimodal","TNDE",1000,921,0.921,0.000867269195815365,0.00204238012976553,0.674362357257495,0.052456587699219,0.477551475640058,0.955483170466884,0.933767643865364,0.86
"Main",200,"Symmetric bimodal","TE",1000,921,0.921,0.00395111817670568,0.00204830383210591,0.730717228001677,0.0561103106418943,0.506436134209909,0.966340933767644,0.950054288816504,0.875
"Main",500,"Gaussian","PNIE",1000,1000,1,0.00138236035875021,0.00114199459742289,1.04429444485801,0.0109827213306841,1.04833635218404,0.956,0.958,0.958
"Main",500,"Gaussian","TNIE",1000,1000,1,0.000471072530439872,0.0010473771273717,1.05772132332465,0.0108307176650132,1.04522519293311,0.941,0.93,0.93
"Main",500,"Gaussian","PNDE",1000,1000,1,-0.00627135613637863,-0.00601949023973826,1.04184433723416,0.00834936128110617,1.04009922976181,0.958,0.953,0.953
"Main",500,"Gaussian","TNDE",1000,1000,1,-0.00718264396468902,-0.0061141077097897,1.0368379281474,0.00860434130777271,1.04045300132827,0.931,0.934,0.934
"Main",500,"Gaussian","TE",1000,1000,1,-0.0058002836059388,-0.00497211311236668,1.03483219360655,0.00795875418018999,1.03682786461052,0.946,0.95,0.95
"Main",500,"Skew-normal","PNIE",1000,1000,1,0.000308720428603732,0.00421886640781874,0.760754424213388,0.0145089573510934,0.783126278417114,0.955,0.942,0.942
"Main",500,"Skew-normal","TNIE",1000,1000,1,0.00142958958200846,0.000208854031451923,0.762982462333348,0.0153150816577593,0.778723901980431,0.93,0.938,0.938
"Main",500,"Skew-normal","PNDE",1000,1000,1,-0.00286050173385546,-0.0010962335670116,0.796385839144645,0.0134686054167431,0.812812896863764,0.941,0.943,0.943
"Main",500,"Skew-normal","TNDE",1000,1000,1,-0.00173963258045077,-0.0051062459433785,0.796586855399493,0.0128650116323102,0.813021476267693,0.942,0.944,0.944
"Main",500,"Skew-normal","TE",1000,1000,1,-0.0014309121518471,-0.000887379535559767,0.801952173204868,0.0135023104643012,0.822328943982797,0.948,0.944,0.944
"Main",500,"Asymmetric mixture","PNIE",1000,999,0.999,-0.00450860925926388,-0.000270505809175225,0.25513909443918,0.00784071654296743,0.247240295180852,0.946946946946947,0.948948948948949,0.948
"Main",500,"Asymmetric mixture","TNIE",1000,999,0.999,0.000238650473157074,0.000187394534985488,0.244882296800433,0.00795724913288268,0.247610397499257,0.927927927927928,0.942942942942943,0.942
"Main",500,"Asymmetric mixture","PNDE",1000,999,0.999,0.00692984149092603,0.00223659402055357,0.475205553029123,0.0128906367859726,0.470391743014918,0.93993993993994,0.947947947947948,0.947
"Main",500,"Asymmetric mixture","TNDE",1000,999,0.999,0.0116771012233468,0.00269449436471434,0.49965313955833,0.0139472697947919,0.471165446617052,0.955955955955956,0.947947947947948,0.947
"Main",500,"Asymmetric mixture","TE",1000,999,0.999,0.00716849196408303,0.002423988555539,0.506570726721677,0.013269260141609,0.500090662664028,0.946946946946947,0.947947947947948,0.947
"Main",500,"Symmetric bimodal","PNIE",1000,1000,1,-0.00276081680735999,-0.000167162944703838,0.247467410173356,0.00771480187027824,0.25548733297105,0.945,0.959,0.959
"Main",500,"Symmetric bimodal","TNIE",1000,1000,1,0.000122362148603094,0.000253479232640435,0.24668819746571,0.00852164157564888,0.251958412302798,0.934,0.939,0.939
"Main",500,"Symmetric bimodal","PNDE",1000,1000,1,-0.00267760053426118,-0.00106921977786337,0.491091473892769,0.0138080804219571,0.474652260996201,0.953,0.937,0.937
"Main",500,"Symmetric bimodal","TNDE",1000,1000,1,0.000205578421701814,-0.000648577600519125,0.489672258068705,0.0132527075658072,0.474734297506755,0.963,0.955,0.955
"Main",500,"Symmetric bimodal","TE",1000,1000,1,-0.00255523838565816,-0.000815740545223007,0.519176553848018,0.0139032496262271,0.50325038831612,0.955,0.941,0.941
"Comparator",300,"Gaussian","PNIE",1000,1000,1,0.00081173639646324,0.000437067847743413,1.07121480285958,0.0114771467106878,1.05797228841784,0.952,0.942,0.942
"Comparator",300,"Gaussian","TNIE",1000,1000,1,-0.00106245150476368,-0.000992097261578673,1.06113769028219,0.0115623029054843,1.05659612420981,0.927,0.922,0.922
"Comparator",300,"Gaussian","PNDE",1000,1000,1,-0.00109933568898209,-0.00063747852971742,1.0356749642087,0.00990047703456348,1.04936866557424,0.956,0.945,0.945
"Comparator",300,"Gaussian","TNDE",1000,1000,1,-0.00297352359020913,-0.00206664363903957,1.056694852854,0.00946261032572633,1.05057288572182,0.944,0.942,0.942
"Comparator",300,"Gaussian","TE",1000,1000,1,-0.00216178719374589,-0.00162957579129618,1.03208467923586,0.00942488480079077,1.04789959049555,0.955,0.948,0.948
"Comparator",300,"Skew-normal","PNIE",1000,1000,1,0.00390528695745334,0.00172422175839194,0.797196007377635,0.0147539288387224,0.807300037847178,0.95,0.955,0.955
"Comparator",300,"Skew-normal","TNIE",1000,1000,1,-0.00133351287815697,0.000579630223012467,0.773895280586153,0.0140796944769479,0.814864575940654,0.904,0.924,0.924
"Comparator",300,"Skew-normal","PNDE",1000,1000,1,-0.006842929340053,-0.00627810494419251,0.847309960129825,0.0145686932482102,0.831631502061828,0.954,0.949,0.949
"Comparator",300,"Skew-normal","TNDE",1000,1000,1,-0.0120817291756634,-0.00742269647957204,0.826073989581405,0.0134473090470802,0.834401249570359,0.951,0.959,0.959
"Comparator",300,"Skew-normal","TE",1000,1000,1,-0.00817644221821006,-0.00569847472118013,0.845630965768179,0.014195925786477,0.839665842435683,0.952,0.947,0.947
"Comparator",300,"Asymmetric mixture","PNIE",1000,962,0.962,-0.000708311811658951,0.000682964634452706,0.261355440642191,0.0131854593604719,0.248753103562408,0.948024948024948,0.937629937629938,0.902
"Comparator",300,"Asymmetric mixture","TNIE",1000,962,0.962,-0.000639781345120379,-0.000334807990959835,0.304754207949697,0.0550925141993188,0.254873982166749,0.892931392931393,0.949064449064449,0.913
"Comparator",300,"Asymmetric mixture","PNDE",1000,962,0.962,-0.00159480068239127,0.000138648461448478,0.474492425449989,0.0157008767714528,0.471335341919125,0.946985446985447,0.944906444906445,0.909
"Comparator",300,"Asymmetric mixture","TNDE",1000,962,0.962,-0.00152627021585278,-0.000879124163964163,0.489080741833106,0.0249528666465559,0.471562171092645,0.952182952182952,0.948024948024948,0.912
"Comparator",300,"Asymmetric mixture","TE",1000,962,0.962,-0.00223458202751166,-0.000196159529511433,0.506061986800474,0.0165414805630325,0.500964217923079,0.942827442827443,0.943866943866944,0.908
"Comparator",300,"Symmetric bimodal","PNIE",1000,978,0.978,0.000934669385564069,-0.00126576020571031,0.302997983286636,0.0297292136843757,0.255865460821866,0.955010224948875,0.948875255623722,0.928
"Comparator",300,"Symmetric bimodal","TNIE",1000,978,0.978,-0.00194377399209771,0.000317102039524883,0.538509357494367,0.106270342760851,0.256778139639745,0.927402862985685,0.942740286298569,0.922
"Comparator",300,"Symmetric bimodal","PNDE",1000,978,0.978,0.00428313301013796,-0.00105513092955134,0.563245277233551,0.0416329262213528,0.476589067564084,0.951942740286299,0.942740286298569,0.922
"Comparator",300,"Symmetric bimodal","TNDE",1000,978,0.978,0.00140468963247607,0.000527731315683761,0.584877639295728,0.0369573674517839,0.475957362932552,0.952965235173824,0.942740286298569,0.922
"Comparator",300,"Symmetric bimodal","TE",1000,978,0.978,0.00233935901804016,-0.000738028890026562,0.59783018962758,0.0404463085813155,0.504721848656576,0.95398773006135,0.940695296523517,0.92
