"Scenario","SampleSize","Mechanism","Kappa","Effect","PairedValid","BiasOLS","BiasSemi","RMSEOLS","RMSESemi","RMSERatio","CoverageOLS","CoverageSemi","LengthRatio"
"asymmetric_mixture",300,"Constant",0,"PNDE",484,0.000193194017651621,0.000153809359837371,0.138261510516862,0.0693340422038747,0.501470307569213,0.964876033057851,0.950413223140496,0.47365124260459
"gaussian",300,"Constant",0,"PNDE",500,0.00336871761992385,0.004676648356306,0.150367974562095,0.157682662217631,1.04864524960742,0.942,0.934,1.04621474618427
"asymmetric_mixture",300,"Covariate",0.15,"PNDE",488,-0.0011998671325794,-0.00127008737657252,0.137679914572043,0.0681255233867584,0.494810906866963,0.967213114754098,0.954918032786885,0.47499695023014
"gaussian",300,"Covariate",0.15,"PNDE",500,0.0035811991039914,0.00418654045735239,0.150261149772621,0.158478982686993,1.05469033696872,0.936,0.93,1.04334926435733
"asymmetric_mixture",300,"Treatment",0.15,"PNDE",486,-0.00172576977229378,-0.0186347404828967,0.134543729734164,0.0681483918497804,0.506514811091014,0.967078189300412,0.940329218106996,0.470662448622007
"gaussian",300,"Treatment",0.15,"PNDE",500,0.00319031401466396,0.00395827522259721,0.146647439406291,0.153769857589856,1.04856830922108,0.94,0.942,1.07891269025422
"asymmetric_mixture",300,"Covariate",0.3,"PNDE",489,-0.00125255300940703,-0.00111901619315519,0.137493438392977,0.0675302724048038,0.49115269204187,0.969325153374233,0.950920245398773,0.478590763172948
"gaussian",300,"Covariate",0.3,"PNDE",500,0.00384463965675171,0.00475976778579649,0.150400488016202,0.159318637113279,1.05929601169989,0.94,0.926,1.05478286709394
"asymmetric_mixture",300,"Treatment",0.3,"PNDE",486,-0.00456942630045421,-0.0379256376844774,0.13069246334774,0.108535962035313,0.830468408469173,0.962962962962963,0.890946502057613,0.480089080893399
"gaussian",300,"Treatment",0.3,"PNDE",500,0.0029990507742783,0.00238547603569269,0.142896781939101,0.155110353337462,1.08547128376597,0.946,0.956,1.18092818412759
"asymmetric_mixture",300,"Covariate",0.6,"PNDE",460,0.000478511488808142,-0.00112612284160425,0.139286935954963,0.0690342406950311,0.495626098899558,0.956521739130435,0.956521739130435,0.485511066731376
"gaussian",300,"Covariate",0.6,"PNDE",500,0.00453325919567858,0.00655892339761292,0.151389366890022,0.158904134929733,1.04963867802664,0.93,0.936,1.05926557292052
"asymmetric_mixture",300,"Treatment",0.6,"PNDE",399,-0.0314361639140929,-0.111997189858548,0.116042617184831,0.286548854660859,2.46934153686354,0.964912280701754,0.6265664160401,0.53472636192285
"gaussian",300,"Treatment",0.6,"PNDE",500,0.00260267816163383,0.000903373064401825,0.13591145862976,0.178795672349608,1.31553052371155,0.946,0.96,1.46427004908423
"asymmetric_mixture",300,"Constant",0,"PNIE",484,-0.00408926963069625,-0.00244712884928987,0.0970195489552132,0.0280798871132462,0.289425042845835,0.954545454545455,0.952479338842975,0.250459182843673
"gaussian",300,"Constant",0,"PNIE",500,-0.00105580519365321,0.00153960708408386,0.101741463493053,0.105341823720773,1.03538734459,0.948,0.932,1.06022106856778
"asymmetric_mixture",300,"Covariate",0.15,"PNIE",488,-0.00454457072292935,-0.0018567334663082,0.097119960727625,0.0257136976261891,0.264762232537384,0.954918032786885,0.959016393442623,0.251910883005799
"gaussian",300,"Covariate",0.15,"PNIE",500,-0.00128330474101798,0.00139835209567145,0.101911120140788,0.104856899508027,1.0289053771872,0.95,0.944,1.05601248706049
"asymmetric_mixture",300,"Treatment",0.15,"PNIE",486,-0.00422636092127787,0.0262022181943473,0.0978552274054878,0.0362299101953288,0.370239905990929,0.952674897119342,0.802469135802469,0.254272066535237
"gaussian",300,"Treatment",0.15,"PNIE",500,-0.00037968467858551,0.00130157766980341,0.101582145218323,0.106634198611842,1.04973367497468,0.946,0.944,1.09108195506985
"asymmetric_mixture",300,"Covariate",0.3,"PNIE",489,-0.00500401045365689,-0.00191186275232055,0.0975824771706824,0.0258642973406844,0.265050632968098,0.952965235173824,0.96319018404908,0.256427828795328
"gaussian",300,"Covariate",0.3,"PNIE",500,-0.00138416898337294,0.000459355186841648,0.102302726971041,0.105917304322187,1.03533217010109,0.946,0.934,1.06522649096646
"asymmetric_mixture",300,"Treatment",0.3,"PNIE",486,-0.00527141035047332,0.0650885641346298,0.0982508157930287,0.0700465158167031,0.71293571713705,0.954732510288066,0.32716049382716,0.264562074231736
"gaussian",300,"Treatment",0.3,"PNIE",500,0.000275198694659479,0.00093647009714599,0.101513328683361,0.111363480863636,1.09703309218634,0.942,0.95,1.18368025886346
"asymmetric_mixture",300,"Covariate",0.6,"PNIE",460,-0.00610870314033701,-0.00198073632650057,0.0989971636564813,0.0273841693944029,0.276615696682236,0.947826086956522,0.947826086956522,0.269085037268409
"gaussian",300,"Covariate",0.6,"PNIE",500,-0.00117910613315013,-0.000419456843973947,0.103842673484497,0.109174158879069,1.05134195043012,0.938,0.938,1.06786710791963
"asymmetric_mixture",300,"Treatment",0.6,"PNIE",399,-0.00360257006638198,0.17952910208517,0.0948458083475188,0.181636715994147,1.91507373028677,0.967418546365915,0,0.280570301693322
"gaussian",300,"Treatment",0.6,"PNIE",500,0.00147087383911258,0.00269218411697031,0.101796227253114,0.132328802711914,1.29993818319888,0.94,0.952,1.43407660741805
"asymmetric_mixture",300,"Constant",0,"TE",484,0.00299929389571678,0.00147737638305294,0.127758767585503,0.0704542300428781,0.551462974904846,0.954545454545455,0.950413223140496,0.50436372256633
"gaussian",300,"Constant",0,"TE",500,0.00293117946700838,0.00348319408351944,0.13494589002639,0.141041055186878,1.04516747534361,0.952,0.934,1.04201747848666
"asymmetric_mixture",300,"Covariate",0.15,"TE",488,0.00163567044989394,-0.00031589162296992,0.127166320142682,0.0660092041026179,0.519077724577976,0.961065573770492,0.954918032786885,0.503844409410922
"gaussian",300,"Covariate",0.15,"TE",500,0.00298122152078432,0.0031066879162071,0.135377744479746,0.143034735608339,1.05656019132257,0.95,0.932,1.04174609839507
"asymmetric_mixture",300,"Treatment",0.15,"TE",486,0.0010917049279411,-0.0247448125844563,0.124803564104719,0.0692290356009613,0.554703995014702,0.958847736625514,0.921810699588477,0.503563718655877
"gaussian",300,"Treatment",0.15,"TE",500,0.00255820759944233,0.00289708215897874,0.132337043674708,0.138753026335765,1.04848213684467,0.952,0.952,1.0763730388691
"asymmetric_mixture",300,"Covariate",0.3,"TE",489,0.000738816378057846,7.87078664126799e-06,0.126973821216902,0.0654816948711222,0.515710201075731,0.96319018404908,0.959100204498977,0.506022737205148
"gaussian",300,"Covariate",0.3,"TE",500,0.00304467672728568,0.00374899206922997,0.135875093313241,0.144694612554667,1.0649090206775,0.942,0.93,1.05412569631502
"asymmetric_mixture",300,"Treatment",0.3,"TE",486,-0.0019576030529751,-0.0536671109872736,0.122208383583411,0.111599539194379,0.913190535068394,0.958847736625514,0.843621399176955,0.514133474680239
"gaussian",300,"Treatment",0.3,"TE",500,0.00217849712857232,0.00112651109119218,0.12973635186008,0.141800783136458,1.09299191092863,0.952,0.952,1.17533020261647
"asymmetric_mixture",300,"Covariate",0.6,"TE",460,0.0020354821000279,8.04813227011442e-06,0.127913838411885,0.0671653255159659,0.525082558305319,0.960869565217391,0.956521739130435,0.51191600159771
"gaussian",300,"Covariate",0.6,"TE",500,0.0032212442272188,0.0063597611362997,0.136981735424926,0.145095837647259,1.05923492060575,0.932,0.946,1.06363810387573
"asymmetric_mixture",300,"Treatment",0.6,"TE",399,-0.028360705203674,-0.156839946600029,0.111918069102991,0.305684744145442,2.73132610842437,0.962406015037594,0.393483709273183,0.562932949528796
"gaussian",300,"Treatment",0.6,"TE",500,0.001441132990785,-0.000479481704769413,0.124960857207276,0.165322023695958,1.32299047390283,0.96,0.954,1.44842334306922
"asymmetric_mixture",300,"Constant",0,"TNDE",484,0.00708856352641303,0.00392450523234279,0.141630178147404,0.0753550763539644,0.532055225373911,0.956611570247934,0.946280991735537,0.474976532109373
"gaussian",300,"Constant",0,"TNDE",500,0.00398698466066161,0.00194358699943561,0.143230967341589,0.146437275164159,1.02238557682099,0.954,0.956,1.04306169344545
"asymmetric_mixture",300,"Covariate",0.15,"TNDE",488,0.00618024117282327,0.00154084184333833,0.142495615050176,0.0672377113114855,0.471858107969214,0.963114754098361,0.94672131147541,0.472533480041596
"gaussian",300,"Covariate",0.15,"TNDE",500,0.0042645262618023,0.00170833582053565,0.144702616014506,0.147309411702021,1.01801484837879,0.942,0.946,1.04492003614833
"asymmetric_mixture",300,"Treatment",0.15,"TNDE",486,0.00531806584921899,-0.0509470307788037,0.144705054872975,0.0866050389351514,0.59849352886238,0.952674897119342,0.876543209876543,0.480792252722823
"gaussian",300,"Treatment",0.15,"TNDE",500,0.00293789227802784,0.00159550448917533,0.146869604433451,0.150766190711738,1.02653092376273,0.952,0.964,1.07764599173051
"asymmetric_mixture",300,"Covariate",0.3,"TNDE",489,0.00574282683171473,0.00191973353896186,0.141926383750588,0.0667087556230282,0.470023640849313,0.96319018404908,0.950920245398773,0.473016326448204
"gaussian",300,"Covariate",0.3,"TNDE",500,0.00442884571065861,0.00328963688238833,0.146290606835872,0.14970278926569,1.02332468573082,0.94,0.948,1.05810399924729
"asymmetric_mixture",300,"Treatment",0.3,"TNDE",486,0.0033138072974982,-0.118755675121903,0.148658255643406,0.157593258541953,1.06010431684319,0.944444444444444,0.619341563786008,0.488552537777732
"gaussian",300,"Treatment",0.3,"TNDE",500,0.00190329843391282,0.00019004099404617,0.150389589974759,0.160322421573038,1.0660473347919,0.954,0.962,1.15976675606089
"asymmetric_mixture",300,"Covariate",0.6,"TNDE",460,0.00814418524036488,0.00198878445877068,0.14227634327437,0.0681823782430207,0.479224983394011,0.965217391304348,0.95,0.476367626441698
"gaussian",300,"Covariate",0.6,"TNDE",500,0.0044003503603689,0.00677921798027367,0.149861628997878,0.15789328338043,1.05359380140373,0.936,0.936,1.06203131268443
"asymmetric_mixture",300,"Treatment",0.6,"TNDE",399,-0.024758135137292,-0.336369048685199,0.146811976984911,0.42821620362637,2.9167661414326,0.942355889724311,0.0100250626566416,0.49401687126312
"gaussian",300,"Treatment",0.6,"TNDE",500,-2.97408483275522e-05,-0.00317166582173973,0.156803170655568,0.190194937473528,1.21295339040885,0.948,0.962,1.36560676717664
"asymmetric_mixture",300,"Constant",0,"TNIE",484,0.00280609987806526,0.00132356702321565,0.0401295960339869,0.0160357893936623,0.399600070234476,0.921487603305785,0.93801652892562,0.250280766039584
"gaussian",300,"Constant",0,"TNIE",500,-0.000437538152915396,-0.00119345427278648,0.041088757814614,0.0421161694432181,1.02500468943937,0.902,0.914,1.04560464889397
"asymmetric_mixture",300,"Covariate",0.15,"TNIE",488,0.00283553758247343,0.000954195753602692,0.0416260160700391,0.0108367138424359,0.260335118888204,0.911885245901639,0.932377049180328,0.25124561632074
"gaussian",300,"Covariate",0.15,"TNIE",500,-0.000599977583206986,-0.0010798525411452,0.0410994094060663,0.0418839903168151,1.01908983418708,0.904,0.924,1.04961350774799
"asymmetric_mixture",300,"Treatment",0.15,"TNIE",486,0.00281747470023496,-0.00611007210155952,0.0407725438919263,0.0114899527768864,0.28180612932424,0.911522633744856,0.872427983539095,0.236930739864003
"gaussian",300,"Treatment",0.15,"TNIE",500,-0.000632106415221554,-0.0010611930636184,0.0410163986911764,0.0418030013880919,1.01917776113983,0.904,0.918,1.0679204728285
"asymmetric_mixture",300,"Covariate",0.3,"TNIE",489,0.00199136938746496,0.00112688697979656,0.0427067154669161,0.0114174336420808,0.267345159122003,0.907975460122699,0.930470347648262,0.258395582450605
"gaussian",300,"Covariate",0.3,"TNIE",500,-0.000799962929465962,-0.00101077571656645,0.0416744767788208,0.0432861859149037,1.03867377015041,0.906,0.914,1.06670364964616
"asymmetric_mixture",300,"Treatment",0.3,"TNIE",486,0.0026118232474792,-0.0157414733027961,0.0410982364058059,0.0221298732427325,0.538462843617451,0.901234567901235,0.526748971193416,0.229109682750656
"gaussian",300,"Treatment",0.3,"TNIE",500,-0.000820553645705906,-0.00125896494450042,0.0409459474577019,0.0429253423451569,1.04834165553257,0.908,0.92,1.1335108266437
"asymmetric_mixture",300,"Covariate",0.6,"TNIE",460,0.00155697061121983,0.00113417097387446,0.046173766413474,0.013098980105937,0.283688793949341,0.906521739130435,0.945652173913043,0.27918838421162
"gaussian",300,"Covariate",0.6,"TNIE",500,-0.0013120149684597,-0.000199162261313145,0.0448427611941618,0.0496696089999672,1.10763939769244,0.908,0.896,1.10377631505905
"asymmetric_mixture",300,"Treatment",0.6,"TNIE",399,0.00307545871041904,-0.0448427567414805,0.0388782697203643,0.0457237262635063,1.17607410495319,0.917293233082707,0.0025062656641604,0.199218590239596
"gaussian",300,"Treatment",0.6,"TNIE",500,-0.00116154517084873,-0.00138285476917116,0.0408141204697897,0.0481473087438093,1.17967282375833,0.912,0.918,1.27259721824395
