"Scenario","Replication","Seed","SampleSize"
"gaussian",1,1211493512,300
"asymmetric_mixture",1,2084846039,300
"gaussian",2,1304772001,300
"asymmetric_mixture",2,595358565,300
"gaussian",3,983940232,300
"asymmetric_mixture",3,1052589981,300
"gaussian",4,484435049,300
"asymmetric_mixture",4,245748100,300
"gaussian",5,192832234,300
"asymmetric_mixture",5,603753820,300
"gaussian",6,878909277,300
"asymmetric_mixture",6,91467471,300
"gaussian",7,1571748264,300
"asymmetric_mixture",7,265227660,300
"gaussian",8,1950982310,300
"asymmetric_mixture",8,1872034640,300
"gaussian",9,2013241592,300
"asymmetric_mixture",9,1340454916,300
"gaussian",10,1307917127,300
"asymmetric_mixture",10,1668313985,300
"gaussian",11,1920925796,300
"asymmetric_mixture",11,1383667025,300
"gaussian",12,1554752849,300
"asymmetric_mixture",12,518821408,300
"gaussian",13,1343375936,300
"asymmetric_mixture",13,724819366,300
"gaussian",14,223187259,300
"asymmetric_mixture",14,1463947026,300
"gaussian",15,542289942,300
"asymmetric_mixture",15,666239501,300
"gaussian",16,1674870416,300
"asymmetric_mixture",16,614690173,300
"gaussian",17,1577390240,300
"asymmetric_mixture",17,1705992190,300
"gaussian",18,1844475336,300
"asymmetric_mixture",18,1196604307,300
"gaussian",19,2018012490,300
"asymmetric_mixture",19,618294297,300
"gaussian",20,966572918,300
"asymmetric_mixture",20,978371859,300
"gaussian",21,1397668184,300
"asymmetric_mixture",21,1153749276,300
"gaussian",22,928480003,300
"asymmetric_mixture",22,361389862,300
"gaussian",23,541142059,300
"asymmetric_mixture",23,2033230891,300
"gaussian",24,718616493,300
"asymmetric_mixture",24,1438441918,300
"gaussian",25,446013396,300
"asymmetric_mixture",25,1159037634,300
"gaussian",26,5157337,300
"asymmetric_mixture",26,1388138898,300
"gaussian",27,2133025540,300
"asymmetric_mixture",27,42286261,300
"gaussian",28,741721097,300
"asymmetric_mixture",28,637614371,300
"gaussian",29,1500320617,300
"asymmetric_mixture",29,2109984204,300
"gaussian",30,1117520255,300
"asymmetric_mixture",30,380721017,300
"gaussian",31,312369054,300
"asymmetric_mixture",31,1206978246,300
"gaussian",32,1133511698,300
"asymmetric_mixture",32,153751264,300
"gaussian",33,1379042615,300
"asymmetric_mixture",33,1257199566,300
"gaussian",34,353054201,300
"asymmetric_mixture",34,1229143588,300
"gaussian",35,368404946,300
"asymmetric_mixture",35,1339163653,300
"gaussian",36,999206248,300
"asymmetric_mixture",36,1787432395,300
"gaussian",37,565198034,300
"asymmetric_mixture",37,1119587850,300
"gaussian",38,1128211781,300
"asymmetric_mixture",38,1451775200,300
"gaussian",39,548208643,300
"asymmetric_mixture",39,26388311,300
"gaussian",40,1570954038,300
"asymmetric_mixture",40,931674924,300
"gaussian",41,2144167037,300
"asymmetric_mixture",41,964113171,300
"gaussian",42,1990214656,300
"asymmetric_mixture",42,1800464961,300
"gaussian",43,2055346157,300
"asymmetric_mixture",43,1324145510,300
"gaussian",44,1710466737,300
"asymmetric_mixture",44,2027527288,300
"gaussian",45,879302645,300
"asymmetric_mixture",45,500030117,300
"gaussian",46,40726386,300
"asymmetric_mixture",46,811410536,300
"gaussian",47,273462466,300
"asymmetric_mixture",47,866079466,300
"gaussian",48,2072108697,300
"asymmetric_mixture",48,946701420,300
"gaussian",49,567006843,300
"asymmetric_mixture",49,1537132981,300
"gaussian",50,911390975,300
"asymmetric_mixture",50,786738823,300
"gaussian",51,916213702,300
"asymmetric_mixture",51,1860624455,300
"gaussian",52,1325698987,300
"asymmetric_mixture",52,1081045069,300
"gaussian",53,1544061772,300
"asymmetric_mixture",53,1852676754,300
"gaussian",54,494189871,300
"asymmetric_mixture",54,2133980350,300
"gaussian",55,968340308,300
"asymmetric_mixture",55,1029092982,300
"gaussian",56,32196427,300
"asymmetric_mixture",56,1978721632,300
"gaussian",57,693396853,300
"asymmetric_mixture",57,836603616,300
"gaussian",58,103647394,300
"asymmetric_mixture",58,291346146,300
"gaussian",59,1337545894,300
"asymmetric_mixture",59,1747963251,300
"gaussian",60,2097993968,300
"asymmetric_mixture",60,1884396789,300
"gaussian",61,373557336,300
"asymmetric_mixture",61,4333589,300
"gaussian",62,248038779,300
"asymmetric_mixture",62,1381196059,300
"gaussian",63,1310798422,300
"asymmetric_mixture",63,470806793,300
"gaussian",64,206237773,300
"asymmetric_mixture",64,872512133,300
"gaussian",65,388494834,300
"asymmetric_mixture",65,1292103805,300
"gaussian",66,1167538945,300
"asymmetric_mixture",66,1153517593,300
"gaussian",67,1763011362,300
"asymmetric_mixture",67,751988868,300
"gaussian",68,15238789,300
"asymmetric_mixture",68,1490290952,300
"gaussian",69,864590831,300
"asymmetric_mixture",69,1991062935,300
"gaussian",70,1625552382,300
"asymmetric_mixture",70,1238017460,300
"gaussian",71,1966587873,300
"asymmetric_mixture",71,561880391,300
"gaussian",72,1981364560,300
"asymmetric_mixture",72,693349400,300
"gaussian",73,2099121352,300
"asymmetric_mixture",73,1141036411,300
"gaussian",74,452778902,300
"asymmetric_mixture",74,1760927208,300
"gaussian",75,1415261720,300
"asymmetric_mixture",75,317305199,300
"gaussian",76,2069085224,300
"asymmetric_mixture",76,147763597,300
"gaussian",77,248565764,300
"asymmetric_mixture",77,1284953033,300
"gaussian",78,2096989884,300
"asymmetric_mixture",78,812310879,300
"gaussian",79,753668218,300
"asymmetric_mixture",79,516312259,300
"gaussian",80,1689824149,300
"asymmetric_mixture",80,576237386,300
"gaussian",81,586302301,300
"asymmetric_mixture",81,135578298,300
"gaussian",82,429723538,300
"asymmetric_mixture",82,1973447643,300
"gaussian",83,1363313182,300
"asymmetric_mixture",83,37004413,300
"gaussian",84,2121340592,300
"asymmetric_mixture",84,1729309104,300
"gaussian",85,1774939272,300
"asymmetric_mixture",85,557780699,300
"gaussian",86,1778777082,300
"asymmetric_mixture",86,188871118,300
"gaussian",87,373042517,300
"asymmetric_mixture",87,1164579313,300
"gaussian",88,745496686,300
"asymmetric_mixture",88,315827237,300
"gaussian",89,1431542710,300
"asymmetric_mixture",89,206340737,300
"gaussian",90,734745090,300
"asymmetric_mixture",90,1104842955,300
"gaussian",91,1420722762,300
"asymmetric_mixture",91,658089280,300
"gaussian",92,438855226,300
"asymmetric_mixture",92,1666349742,300
"gaussian",93,1803350709,300
"asymmetric_mixture",93,373583380,300
"gaussian",94,513471624,300
"asymmetric_mixture",94,1538824511,300
"gaussian",95,36873081,300
"asymmetric_mixture",95,1908974655,300
"gaussian",96,727752356,300
"asymmetric_mixture",96,1163640435,300
"gaussian",97,274036949,300
"asymmetric_mixture",97,914293264,300
"gaussian",98,855296851,300
"asymmetric_mixture",98,1998501929,300
"gaussian",99,1535053920,300
"asymmetric_mixture",99,1218959517,300
"gaussian",100,802559722,300
"asymmetric_mixture",100,936134789,300
"gaussian",101,2047169597,300
"asymmetric_mixture",101,1153348221,300
"gaussian",102,1338656958,300
"asymmetric_mixture",102,1172607216,300
"gaussian",103,445796401,300
"asymmetric_mixture",103,2022647751,300
"gaussian",104,719082470,300
"asymmetric_mixture",104,1725441021,300
"gaussian",105,987385059,300
"asymmetric_mixture",105,1106961650,300
"gaussian",106,1225511040,300
"asymmetric_mixture",106,152109663,300
"gaussian",107,1335984869,300
"asymmetric_mixture",107,819831867,300
"gaussian",108,1940551904,300
"asymmetric_mixture",108,21318698,300
"gaussian",109,1941494761,300
"asymmetric_mixture",109,1369652114,300
"gaussian",110,956741883,300
"asymmetric_mixture",110,1619279236,300
"gaussian",111,1756697213,300
"asymmetric_mixture",111,1983365795,300
"gaussian",112,1820327940,300
"asymmetric_mixture",112,1520611974,300
"gaussian",113,1946477291,300
"asymmetric_mixture",113,732712884,300
"gaussian",114,1359759899,300
"asymmetric_mixture",114,1076026312,300
"gaussian",115,788383198,300
"asymmetric_mixture",115,932754291,300
"gaussian",116,306328352,300
"asymmetric_mixture",116,1996808756,300
"gaussian",117,1104628423,300
"asymmetric_mixture",117,1429527209,300
"gaussian",118,1211436760,300
"asymmetric_mixture",118,1547310486,300
"gaussian",119,1741279258,300
"asymmetric_mixture",119,1104247372,300
"gaussian",120,1232102155,300
"asymmetric_mixture",120,679647690,300
"gaussian",121,1322369492,300
"asymmetric_mixture",121,1093678234,300
"gaussian",122,448322971,300
"asymmetric_mixture",122,103378815,300
"gaussian",123,108430731,300
"asymmetric_mixture",123,1616976772,300
"gaussian",124,506121910,300
"asymmetric_mixture",124,1058657356,300
"gaussian",125,761495987,300
"asymmetric_mixture",125,251719770,300
"gaussian",126,1191327677,300
"asymmetric_mixture",126,643278296,300
"gaussian",127,464958273,300
"asymmetric_mixture",127,792359671,300
"gaussian",128,1968944660,300
"asymmetric_mixture",128,33473516,300
"gaussian",129,1761552911,300
"asymmetric_mixture",129,250971490,300
"gaussian",130,559476477,300
"asymmetric_mixture",130,302165525,300
"gaussian",131,1494405921,300
"asymmetric_mixture",131,829565390,300
"gaussian",132,1860764879,300
"asymmetric_mixture",132,581261093,300
"gaussian",133,1631408790,300
"asymmetric_mixture",133,204015449,300
"gaussian",134,865819510,300
"asymmetric_mixture",134,1245328654,300
"gaussian",135,1864504985,300
"asymmetric_mixture",135,959704665,300
"gaussian",136,970543034,300
"asymmetric_mixture",136,134679137,300
"gaussian",137,466760267,300
"asymmetric_mixture",137,1339887168,300
"gaussian",138,353563358,300
"asymmetric_mixture",138,1563310489,300
"gaussian",139,388857945,300
"asymmetric_mixture",139,315341137,300
"gaussian",140,1373458362,300
"asymmetric_mixture",140,222997490,300
"gaussian",141,1643821835,300
"asymmetric_mixture",141,1563065755,300
"gaussian",142,2132779477,300
"asymmetric_mixture",142,19179628,300
"gaussian",143,1689295820,300
"asymmetric_mixture",143,1605787256,300
"gaussian",144,87426640,300
"asymmetric_mixture",144,710773638,300
"gaussian",145,1090385055,300
"asymmetric_mixture",145,1399698536,300
"gaussian",146,739355420,300
"asymmetric_mixture",146,1108328652,300
"gaussian",147,1496786096,300
"asymmetric_mixture",147,268297974,300
"gaussian",148,485363506,300
"asymmetric_mixture",148,1520091760,300
"gaussian",149,492168572,300
"asymmetric_mixture",149,1025936318,300
"gaussian",150,874681210,300
"asymmetric_mixture",150,987405694,300
"gaussian",151,796427869,300
"asymmetric_mixture",151,620765796,300
"gaussian",152,1722810155,300
"asymmetric_mixture",152,1103910978,300
"gaussian",153,1141661339,300
"asymmetric_mixture",153,1719996892,300
"gaussian",154,2046214955,300
"asymmetric_mixture",154,1170578460,300
"gaussian",155,798841735,300
"asymmetric_mixture",155,1620258684,300
"gaussian",156,1305544865,300
"asymmetric_mixture",156,401116245,300
"gaussian",157,1100598461,300
"asymmetric_mixture",157,564386854,300
"gaussian",158,173916206,300
"asymmetric_mixture",158,1423740426,300
"gaussian",159,1458626523,300
"asymmetric_mixture",159,880020126,300
"gaussian",160,366662376,300
"asymmetric_mixture",160,886804268,300
"gaussian",161,1343823640,300
"asymmetric_mixture",161,1468235963,300
"gaussian",162,182268586,300
"asymmetric_mixture",162,2102998737,300
"gaussian",163,1539724316,300
"asymmetric_mixture",163,791786575,300
"gaussian",164,326714662,300
"asymmetric_mixture",164,56989220,300
"gaussian",165,446937265,300
"asymmetric_mixture",165,142832039,300
"gaussian",166,560876060,300
"asymmetric_mixture",166,812202786,300
"gaussian",167,2078185936,300
"asymmetric_mixture",167,68280770,300
"gaussian",168,1768880717,300
"asymmetric_mixture",168,1175983355,300
"gaussian",169,273702847,300
"asymmetric_mixture",169,1820082010,300
"gaussian",170,389385983,300
"asymmetric_mixture",170,488926038,300
"gaussian",171,347957362,300
"asymmetric_mixture",171,887028630,300
"gaussian",172,329784911,300
"asymmetric_mixture",172,28568545,300
"gaussian",173,1295989367,300
"asymmetric_mixture",173,1507850384,300
"gaussian",174,910429239,300
"asymmetric_mixture",174,1771978738,300
"gaussian",175,414657457,300
"asymmetric_mixture",175,1705135502,300
"gaussian",176,1935880685,300
"asymmetric_mixture",176,1481571998,300
"gaussian",177,583449084,300
"asymmetric_mixture",177,2060888855,300
"gaussian",178,1348657928,300
"asymmetric_mixture",178,627630957,300
"gaussian",179,2021708207,300
"asymmetric_mixture",179,150040738,300
"gaussian",180,227107814,300
"asymmetric_mixture",180,1898060203,300
"gaussian",181,594258659,300
"asymmetric_mixture",181,358202647,300
"gaussian",182,939203635,300
"asymmetric_mixture",182,448076529,300
"gaussian",183,1399462978,300
"asymmetric_mixture",183,1574310965,300
"gaussian",184,1302589231,300
"asymmetric_mixture",184,1842249303,300
"gaussian",185,1483019661,300
"asymmetric_mixture",185,1405874776,300
"gaussian",186,44971184,300
"asymmetric_mixture",186,80669232,300
"gaussian",187,817636520,300
"asymmetric_mixture",187,338942723,300
"gaussian",188,715031361,300
"asymmetric_mixture",188,444552652,300
"gaussian",189,1667419932,300
"asymmetric_mixture",189,965163469,300
"gaussian",190,1119873643,300
"asymmetric_mixture",190,1525360851,300
"gaussian",191,37059675,300
"asymmetric_mixture",191,1258446820,300
"gaussian",192,389063346,300
"asymmetric_mixture",192,1212343732,300
"gaussian",193,1751870685,300
"asymmetric_mixture",193,2054306083,300
"gaussian",194,1611228389,300
"asymmetric_mixture",194,1319170959,300
"gaussian",195,150851670,300
"asymmetric_mixture",195,1167221448,300
"gaussian",196,777624092,300
"asymmetric_mixture",196,1611360971,300
"gaussian",197,1752613732,300
"asymmetric_mixture",197,1921871166,300
"gaussian",198,1810120623,300
"asymmetric_mixture",198,999280186,300
"gaussian",199,165959548,300
"asymmetric_mixture",199,629195013,300
"gaussian",200,543238889,300
"asymmetric_mixture",200,1334981511,300
"gaussian",201,1365003993,300
"asymmetric_mixture",201,988524600,300
"gaussian",202,1268323343,300
"asymmetric_mixture",202,1401681090,300
"gaussian",203,95810817,300
"asymmetric_mixture",203,820136494,300
"gaussian",204,1530522354,300
"asymmetric_mixture",204,2051500408,300
"gaussian",205,1602089953,300
"asymmetric_mixture",205,1152994401,300
"gaussian",206,525193009,300
"asymmetric_mixture",206,473165294,300
"gaussian",207,1685619223,300
"asymmetric_mixture",207,1536208506,300
"gaussian",208,1541772183,300
"asymmetric_mixture",208,627422571,300
"gaussian",209,1978241940,300
"asymmetric_mixture",209,1543974487,300
"gaussian",210,1162973477,300
"asymmetric_mixture",210,1535438923,300
"gaussian",211,753264881,300
"asymmetric_mixture",211,507895407,300
"gaussian",212,2048906330,300
"asymmetric_mixture",212,1249596295,300
"gaussian",213,1557981741,300
"asymmetric_mixture",213,1642992035,300
"gaussian",214,1186546992,300
"asymmetric_mixture",214,290233321,300
"gaussian",215,846282085,300
"asymmetric_mixture",215,1698201608,300
"gaussian",216,1342638930,300
"asymmetric_mixture",216,199223205,300
"gaussian",217,1110641473,300
"asymmetric_mixture",217,1702796579,300
"gaussian",218,1280703012,300
"asymmetric_mixture",218,63250326,300
"gaussian",219,2096716952,300
"asymmetric_mixture",219,18885968,300
"gaussian",220,1561124409,300
"asymmetric_mixture",220,2069829676,300
"gaussian",221,1150668621,300
"asymmetric_mixture",221,1496996509,300
"gaussian",222,1299421179,300
"asymmetric_mixture",222,1603935389,300
"gaussian",223,970480523,300
"asymmetric_mixture",223,1861872069,300
"gaussian",224,951274242,300
"asymmetric_mixture",224,735848143,300
"gaussian",225,2098117657,300
"asymmetric_mixture",225,718091735,300
"gaussian",226,1935416087,300
"asymmetric_mixture",226,640924767,300
"gaussian",227,342728177,300
"asymmetric_mixture",227,576220082,300
"gaussian",228,571110613,300
"asymmetric_mixture",228,924459474,300
"gaussian",229,949376314,300
"asymmetric_mixture",229,431808528,300
"gaussian",230,1624146580,300
"asymmetric_mixture",230,1508006878,300
"gaussian",231,418805956,300
"asymmetric_mixture",231,96443384,300
"gaussian",232,172247810,300
"asymmetric_mixture",232,54795536,300
"gaussian",233,289016046,300
"asymmetric_mixture",233,491679621,300
"gaussian",234,1165693703,300
"asymmetric_mixture",234,1243890185,300
"gaussian",235,911423649,300
"asymmetric_mixture",235,434432682,300
"gaussian",236,359203000,300
"asymmetric_mixture",236,1882630452,300
"gaussian",237,1196726827,300
"asymmetric_mixture",237,1689801129,300
"gaussian",238,134433735,300
"asymmetric_mixture",238,1900353261,300
"gaussian",239,823091366,300
"asymmetric_mixture",239,1256460402,300
"gaussian",240,970997434,300
"asymmetric_mixture",240,1802563244,300
"gaussian",241,1053315829,300
"asymmetric_mixture",241,1502366798,300
"gaussian",242,806829585,300
"asymmetric_mixture",242,1573625503,300
"gaussian",243,1110140587,300
"asymmetric_mixture",243,1790345003,300
"gaussian",244,1070815469,300
"asymmetric_mixture",244,721681557,300
"gaussian",245,2062296873,300
"asymmetric_mixture",245,267185462,300
"gaussian",246,863364034,300
"asymmetric_mixture",246,1579349815,300
"gaussian",247,587558712,300
"asymmetric_mixture",247,1761482765,300
"gaussian",248,106135374,300
"asymmetric_mixture",248,1374801622,300
"gaussian",249,900340519,300
"asymmetric_mixture",249,878585015,300
"gaussian",250,755576214,300
"asymmetric_mixture",250,339647627,300
"gaussian",251,1242573063,300
"asymmetric_mixture",251,242840185,300
"gaussian",252,294956472,300
"asymmetric_mixture",252,1900454220,300
"gaussian",253,17357448,300
"asymmetric_mixture",253,88694432,300
"gaussian",254,1779432129,300
"asymmetric_mixture",254,826881513,300
"gaussian",255,436882460,300
"asymmetric_mixture",255,524140426,300
"gaussian",256,1395795050,300
"asymmetric_mixture",256,1765957202,300
"gaussian",257,227401327,300
"asymmetric_mixture",257,704092931,300
"gaussian",258,636371536,300
"asymmetric_mixture",258,999363443,300
"gaussian",259,688318078,300
"asymmetric_mixture",259,1558410745,300
"gaussian",260,1859449247,300
"asymmetric_mixture",260,2009530583,300
"gaussian",261,1593853822,300
"asymmetric_mixture",261,1997368636,300
"gaussian",262,539875862,300
"asymmetric_mixture",262,1674288266,300
"gaussian",263,470779937,300
"asymmetric_mixture",263,1550667785,300
"gaussian",264,1602328945,300
"asymmetric_mixture",264,576433687,300
"gaussian",265,1867556626,300
"asymmetric_mixture",265,1135549599,300
"gaussian",266,723339097,300
"asymmetric_mixture",266,1366460506,300
"gaussian",267,778289477,300
"asymmetric_mixture",267,1367777514,300
"gaussian",268,776385925,300
"asymmetric_mixture",268,1175157351,300
"gaussian",269,1291106464,300
"asymmetric_mixture",269,1300772117,300
"gaussian",270,1956558885,300
"asymmetric_mixture",270,923388209,300
"gaussian",271,786617590,300
"asymmetric_mixture",271,425037116,300
"gaussian",272,1360160967,300
"asymmetric_mixture",272,1948281559,300
"gaussian",273,1641538128,300
"asymmetric_mixture",273,1443643625,300
"gaussian",274,1386012629,300
"asymmetric_mixture",274,2020304673,300
"gaussian",275,1898979694,300
"asymmetric_mixture",275,1911972021,300
"gaussian",276,1004558800,300
"asymmetric_mixture",276,2131868327,300
"gaussian",277,943147503,300
"asymmetric_mixture",277,1358506840,300
"gaussian",278,2133984072,300
"asymmetric_mixture",278,34603587,300
"gaussian",279,1288929225,300
"asymmetric_mixture",279,1079024778,300
"gaussian",280,1790528105,300
"asymmetric_mixture",280,1419992674,300
"gaussian",281,944695111,300
"asymmetric_mixture",281,1276542157,300
"gaussian",282,648909381,300
"asymmetric_mixture",282,1516547569,300
"gaussian",283,1154267924,300
"asymmetric_mixture",283,134236843,300
"gaussian",284,775295755,300
"asymmetric_mixture",284,1611062634,300
"gaussian",285,1527421006,300
"asymmetric_mixture",285,970377215,300
"gaussian",286,829163341,300
"asymmetric_mixture",286,44422256,300
"gaussian",287,740677253,300
"asymmetric_mixture",287,1924016903,300
"gaussian",288,307824267,300
"asymmetric_mixture",288,46146176,300
"gaussian",289,654996239,300
"asymmetric_mixture",289,925079443,300
"gaussian",290,794565860,300
"asymmetric_mixture",290,1256055802,300
"gaussian",291,1145605413,300
"asymmetric_mixture",291,579656985,300
"gaussian",292,1949661561,300
"asymmetric_mixture",292,386072197,300
"gaussian",293,407899363,300
"asymmetric_mixture",293,19423626,300
"gaussian",294,138490618,300
"asymmetric_mixture",294,821372988,300
"gaussian",295,1000648186,300
"asymmetric_mixture",295,1706134309,300
"gaussian",296,1248743115,300
"asymmetric_mixture",296,223667742,300
"gaussian",297,128820853,300
"asymmetric_mixture",297,1444805639,300
"gaussian",298,981344608,300
"asymmetric_mixture",298,493538483,300
"gaussian",299,1148015840,300
"asymmetric_mixture",299,715754926,300
"gaussian",300,1232924135,300
"asymmetric_mixture",300,1126371386,300
"gaussian",301,1113774809,300
"asymmetric_mixture",301,1352971809,300
"gaussian",302,2088559934,300
"asymmetric_mixture",302,874824929,300
"gaussian",303,1652007915,300
"asymmetric_mixture",303,1637488388,300
"gaussian",304,1660455253,300
"asymmetric_mixture",304,979555175,300
"gaussian",305,591689365,300
"asymmetric_mixture",305,1033899652,300
"gaussian",306,701333491,300
"asymmetric_mixture",306,1219599463,300
"gaussian",307,1906885807,300
"asymmetric_mixture",307,2077208135,300
"gaussian",308,1618385285,300
"asymmetric_mixture",308,787556930,300
"gaussian",309,403827250,300
"asymmetric_mixture",309,1592300030,300
"gaussian",310,754550218,300
"asymmetric_mixture",310,2078778400,300
"gaussian",311,2062538199,300
"asymmetric_mixture",311,421799476,300
"gaussian",312,1395860680,300
"asymmetric_mixture",312,1330481368,300
"gaussian",313,143309830,300
"asymmetric_mixture",313,52721483,300
"gaussian",314,1075011935,300
"asymmetric_mixture",314,1166474374,300
"gaussian",315,704240817,300
"asymmetric_mixture",315,241051324,300
"gaussian",316,11205618,300
"asymmetric_mixture",316,320539048,300
"gaussian",317,1685433260,300
"asymmetric_mixture",317,1177827307,300
"gaussian",318,1901500739,300
"asymmetric_mixture",318,1808944455,300
"gaussian",319,1818493784,300
"asymmetric_mixture",319,1646896244,300
"gaussian",320,1641935181,300
"asymmetric_mixture",320,1147163942,300
"gaussian",321,798307550,300
"asymmetric_mixture",321,1662566140,300
"gaussian",322,1133765436,300
"asymmetric_mixture",322,2107920946,300
"gaussian",323,838081846,300
"asymmetric_mixture",323,1929100496,300
"gaussian",324,1098327147,300
"asymmetric_mixture",324,1558439205,300
"gaussian",325,287488327,300
"asymmetric_mixture",325,296683755,300
"gaussian",326,589690273,300
"asymmetric_mixture",326,1210638788,300
"gaussian",327,149872709,300
"asymmetric_mixture",327,1484259541,300
"gaussian",328,1500226920,300
"asymmetric_mixture",328,1138097740,300
"gaussian",329,1272755664,300
"asymmetric_mixture",329,1912189982,300
"gaussian",330,1419878518,300
"asymmetric_mixture",330,171071770,300
"gaussian",331,1977635045,300
"asymmetric_mixture",331,1343420664,300
"gaussian",332,245936903,300
"asymmetric_mixture",332,1257871728,300
"gaussian",333,1584988013,300
"asymmetric_mixture",333,386864659,300
"gaussian",334,1322455347,300
"asymmetric_mixture",334,327558511,300
"gaussian",335,713990118,300
"asymmetric_mixture",335,278226384,300
"gaussian",336,677061906,300
"asymmetric_mixture",336,2078028786,300
"gaussian",337,56714705,300
"asymmetric_mixture",337,1492563594,300
"gaussian",338,1894435612,300
"asymmetric_mixture",338,348547553,300
"gaussian",339,301062301,300
"asymmetric_mixture",339,1852854601,300
"gaussian",340,1779980295,300
"asymmetric_mixture",340,543443223,300
"gaussian",341,255183320,300
"asymmetric_mixture",341,822657335,300
"gaussian",342,1354444921,300
"asymmetric_mixture",342,141701462,300
"gaussian",343,1295921391,300
"asymmetric_mixture",343,1587058203,300
"gaussian",344,973113727,300
"asymmetric_mixture",344,1215958568,300
"gaussian",345,289166183,300
"asymmetric_mixture",345,1852044646,300
"gaussian",346,904791267,300
"asymmetric_mixture",346,203545618,300
"gaussian",347,380904309,300
"asymmetric_mixture",347,107972216,300
"gaussian",348,758784588,300
"asymmetric_mixture",348,1915348365,300
"gaussian",349,1487028287,300
"asymmetric_mixture",349,437738430,300
"gaussian",350,2093614151,300
"asymmetric_mixture",350,32011798,300
"gaussian",351,939710048,300
"asymmetric_mixture",351,326709624,300
"gaussian",352,690928452,300
"asymmetric_mixture",352,345854966,300
"gaussian",353,139564966,300
"asymmetric_mixture",353,1295650527,300
"gaussian",354,306176848,300
"asymmetric_mixture",354,1466872499,300
"gaussian",355,350108230,300
"asymmetric_mixture",355,987335555,300
"gaussian",356,701666531,300
"asymmetric_mixture",356,413516172,300
"gaussian",357,386656263,300
"asymmetric_mixture",357,105846351,300
"gaussian",358,342634123,300
"asymmetric_mixture",358,830404498,300
"gaussian",359,1599448169,300
"asymmetric_mixture",359,420638828,300
"gaussian",360,77791520,300
"asymmetric_mixture",360,70427654,300
"gaussian",361,1594953159,300
"asymmetric_mixture",361,1821667662,300
"gaussian",362,56634983,300
"asymmetric_mixture",362,542773440,300
"gaussian",363,486465989,300
"asymmetric_mixture",363,1656642998,300
"gaussian",364,1151102523,300
"asymmetric_mixture",364,1534532777,300
"gaussian",365,1195114478,300
"asymmetric_mixture",365,678285617,300
"gaussian",366,1693890593,300
"asymmetric_mixture",366,1716997533,300
"gaussian",367,1936846899,300
"asymmetric_mixture",367,859021529,300
"gaussian",368,1656441229,300
"asymmetric_mixture",368,488514173,300
"gaussian",369,793194416,300
"asymmetric_mixture",369,1700686644,300
"gaussian",370,1593973664,300
"asymmetric_mixture",370,715152995,300
"gaussian",371,576382624,300
"asymmetric_mixture",371,1019842721,300
"gaussian",372,1818396250,300
"asymmetric_mixture",372,1327818590,300
"gaussian",373,210023051,300
"asymmetric_mixture",373,1849022456,300
"gaussian",374,1232594662,300
"asymmetric_mixture",374,572385631,300
"gaussian",375,1074453737,300
"asymmetric_mixture",375,215625317,300
"gaussian",376,503896668,300
"asymmetric_mixture",376,1206921168,300
"gaussian",377,258933752,300
"asymmetric_mixture",377,2141486913,300
"gaussian",378,2075005445,300
"asymmetric_mixture",378,565377340,300
"gaussian",379,587119664,300
"asymmetric_mixture",379,2016696283,300
"gaussian",380,1575316352,300
"asymmetric_mixture",380,1627846191,300
"gaussian",381,1569703546,300
"asymmetric_mixture",381,1507604315,300
"gaussian",382,1232884010,300
"asymmetric_mixture",382,1498039095,300
"gaussian",383,2079388564,300
"asymmetric_mixture",383,900332439,300
"gaussian",384,133765575,300
"asymmetric_mixture",384,946990018,300
"gaussian",385,1022828148,300
"asymmetric_mixture",385,504231094,300
"gaussian",386,1369416810,300
"asymmetric_mixture",386,1839716221,300
"gaussian",387,46455811,300
"asymmetric_mixture",387,617444704,300
"gaussian",388,398310915,300
"asymmetric_mixture",388,665990350,300
"gaussian",389,740333955,300
"asymmetric_mixture",389,1162640357,300
"gaussian",390,1656269300,300
"asymmetric_mixture",390,1745406788,300
"gaussian",391,2135664756,300
"asymmetric_mixture",391,1476223731,300
"gaussian",392,814050786,300
"asymmetric_mixture",392,819832026,300
"gaussian",393,1827126150,300
"asymmetric_mixture",393,1771847502,300
"gaussian",394,876324837,300
"asymmetric_mixture",394,801899911,300
"gaussian",395,2050881475,300
"asymmetric_mixture",395,694600367,300
"gaussian",396,272630560,300
"asymmetric_mixture",396,295482673,300
"gaussian",397,659543739,300
"asymmetric_mixture",397,1991533075,300
"gaussian",398,706113967,300
"asymmetric_mixture",398,865477678,300
"gaussian",399,1016768963,300
"asymmetric_mixture",399,1087814596,300
"gaussian",400,1232087298,300
"asymmetric_mixture",400,1298324349,300
"gaussian",401,500779750,300
"asymmetric_mixture",401,306815792,300
"gaussian",402,202544761,300
"asymmetric_mixture",402,23503727,300
"gaussian",403,149763309,300
"asymmetric_mixture",403,445701791,300
"gaussian",404,358114371,300
"asymmetric_mixture",404,1516722027,300
"gaussian",405,169345503,300
"asymmetric_mixture",405,1674680720,300
"gaussian",406,1260189310,300
"asymmetric_mixture",406,742270602,300
"gaussian",407,627027687,300
"asymmetric_mixture",407,704478504,300
"gaussian",408,1338492404,300
"asymmetric_mixture",408,1125175739,300
"gaussian",409,1722350179,300
"asymmetric_mixture",409,1270019867,300
"gaussian",410,1182268434,300
"asymmetric_mixture",410,1500618998,300
"gaussian",411,1905453192,300
"asymmetric_mixture",411,954750225,300
"gaussian",412,1306283799,300
"asymmetric_mixture",412,349804307,300
"gaussian",413,153539299,300
"asymmetric_mixture",413,1010753006,300
"gaussian",414,1934169139,300
"asymmetric_mixture",414,1544579158,300
"gaussian",415,1387334632,300
"asymmetric_mixture",415,1252673736,300
"gaussian",416,62282669,300
"asymmetric_mixture",416,1954959362,300
"gaussian",417,1323777196,300
"asymmetric_mixture",417,177040288,300
"gaussian",418,386960401,300
"asymmetric_mixture",418,1999574011,300
"gaussian",419,1650460729,300
"asymmetric_mixture",419,1782024084,300
"gaussian",420,1557630701,300
"asymmetric_mixture",420,1275314760,300
"gaussian",421,1520526178,300
"asymmetric_mixture",421,1438649629,300
"gaussian",422,1269216417,300
"asymmetric_mixture",422,1178272844,300
"gaussian",423,1910836290,300
"asymmetric_mixture",423,1954034800,300
"gaussian",424,18707787,300
"asymmetric_mixture",424,1158561184,300
"gaussian",425,594226895,300
"asymmetric_mixture",425,544550257,300
"gaussian",426,2004094163,300
"asymmetric_mixture",426,608903053,300
"gaussian",427,319920193,300
"asymmetric_mixture",427,1723814149,300
"gaussian",428,1507916287,300
"asymmetric_mixture",428,535962384,300
"gaussian",429,2064818451,300
"asymmetric_mixture",429,1794798061,300
"gaussian",430,730315907,300
"asymmetric_mixture",430,1441565921,300
"gaussian",431,318066717,300
"asymmetric_mixture",431,49312716,300
"gaussian",432,1008906519,300
"asymmetric_mixture",432,225027294,300
"gaussian",433,1721799393,300
"asymmetric_mixture",433,1783490082,300
"gaussian",434,689810125,300
"asymmetric_mixture",434,676367457,300
"gaussian",435,490186156,300
"asymmetric_mixture",435,534983931,300
"gaussian",436,27510225,300
"asymmetric_mixture",436,1176576547,300
"gaussian",437,195791869,300
"asymmetric_mixture",437,1453017545,300
"gaussian",438,665061576,300
"asymmetric_mixture",438,2085931289,300
"gaussian",439,1340485463,300
"asymmetric_mixture",439,1111222572,300
"gaussian",440,1868647296,300
"asymmetric_mixture",440,632045167,300
"gaussian",441,2123583612,300
"asymmetric_mixture",441,1678134920,300
"gaussian",442,1473381741,300
"asymmetric_mixture",442,1137044505,300
"gaussian",443,337757998,300
"asymmetric_mixture",443,1487093359,300
"gaussian",444,1140359094,300
"asymmetric_mixture",444,1381093934,300
"gaussian",445,605812612,300
"asymmetric_mixture",445,392514872,300
"gaussian",446,570536811,300
"asymmetric_mixture",446,699172929,300
"gaussian",447,1098096405,300
"asymmetric_mixture",447,897474183,300
"gaussian",448,612765073,300
"asymmetric_mixture",448,856794925,300
"gaussian",449,1799430406,300
"asymmetric_mixture",449,1827760250,300
"gaussian",450,568340963,300
"asymmetric_mixture",450,1798781549,300
"gaussian",451,1047558960,300
"asymmetric_mixture",451,703739146,300
"gaussian",452,587221755,300
"asymmetric_mixture",452,392666725,300
"gaussian",453,790419628,300
"asymmetric_mixture",453,1968433246,300
"gaussian",454,1222427134,300
"asymmetric_mixture",454,1028057069,300
"gaussian",455,1195487705,300
"asymmetric_mixture",455,1618492388,300
"gaussian",456,567581155,300
"asymmetric_mixture",456,708373347,300
"gaussian",457,1361262342,300
"asymmetric_mixture",457,615024408,300
"gaussian",458,1025354053,300
"asymmetric_mixture",458,345670258,300
"gaussian",459,270201694,300
"asymmetric_mixture",459,15654484,300
"gaussian",460,622137897,300
"asymmetric_mixture",460,371101047,300
"gaussian",461,709214941,300
"asymmetric_mixture",461,1985863516,300
"gaussian",462,1586190997,300
"asymmetric_mixture",462,1570076534,300
"gaussian",463,1976707687,300
"asymmetric_mixture",463,1741634596,300
"gaussian",464,1634720452,300
"asymmetric_mixture",464,31065970,300
"gaussian",465,1033792070,300
"asymmetric_mixture",465,1253614872,300
"gaussian",466,33261045,300
"asymmetric_mixture",466,1544130605,300
"gaussian",467,1618845573,300
"asymmetric_mixture",467,1907580800,300
"gaussian",468,2134019714,300
"asymmetric_mixture",468,711058111,300
"gaussian",469,131881294,300
"asymmetric_mixture",469,1829798053,300
"gaussian",470,1793216545,300
"asymmetric_mixture",470,1323174885,300
"gaussian",471,2000513118,300
"asymmetric_mixture",471,962283979,300
"gaussian",472,1909318930,300
"asymmetric_mixture",472,1480259932,300
"gaussian",473,1634596806,300
"asymmetric_mixture",473,1024924925,300
"gaussian",474,1367556607,300
"asymmetric_mixture",474,733905201,300
"gaussian",475,1918117883,300
"asymmetric_mixture",475,1270835271,300
"gaussian",476,374665630,300
"asymmetric_mixture",476,1206489244,300
"gaussian",477,892625145,300
"asymmetric_mixture",477,697599876,300
"gaussian",478,1937644667,300
"asymmetric_mixture",478,1631854350,300
"gaussian",479,1275335522,300
"asymmetric_mixture",479,135947595,300
"gaussian",480,324475680,300
"asymmetric_mixture",480,91908557,300
"gaussian",481,853735517,300
"asymmetric_mixture",481,1347496361,300
"gaussian",482,912374035,300
"asymmetric_mixture",482,1712800134,300
"gaussian",483,1857200075,300
"asymmetric_mixture",483,1564694678,300
"gaussian",484,1121669550,300
"asymmetric_mixture",484,879774385,300
"gaussian",485,1852207194,300
"asymmetric_mixture",485,159201391,300
"gaussian",486,839292952,300
"asymmetric_mixture",486,1565260104,300
"gaussian",487,1250046396,300
"asymmetric_mixture",487,786786919,300
"gaussian",488,1404837916,300
"asymmetric_mixture",488,1935284467,300
"gaussian",489,1258384475,300
"asymmetric_mixture",489,793478487,300
"gaussian",490,804987990,300
"asymmetric_mixture",490,746399949,300
"gaussian",491,1851846328,300
"asymmetric_mixture",491,1858572855,300
"gaussian",492,598252469,300
"asymmetric_mixture",492,1367730899,300
"gaussian",493,883536325,300
"asymmetric_mixture",493,1382367594,300
"gaussian",494,885527585,300
"asymmetric_mixture",494,958519819,300
"gaussian",495,881189087,300
"asymmetric_mixture",495,1963582236,300
"gaussian",496,67886004,300
"asymmetric_mixture",496,534292017,300
"gaussian",497,2125923194,300
"asymmetric_mixture",497,1407162052,300
"gaussian",498,88474569,300
"asymmetric_mixture",498,1470063998,300
"gaussian",499,30988064,300
"asymmetric_mixture",499,1003932945,300
"gaussian",500,447661754,300
"asymmetric_mixture",500,1102759252,300
