"Scenario","SampleSize","Mechanism","Kappa","Method","Effect","Attempted","Valid","TrueValue","SuccessRate","SuccessMCSE","Bias","BiasMCSE","RMSE","RMSEMCSE","EmpiricalSD","MeanSE","Coverage95","CoverageMCSE","AvgLength","ReportAndCover","ReportAndCoverMCSE"
"asymmetric_mixture",300,"Constant",0,"OLS","PNDE",500,500,0.7,1,0,0.000790546854565734,0.00629921671289431,0.140716063159601,0.00433966934323897,0.140854767750345,0.146151111843629,0.96,0.00876356092008266,0.572901831027996,0.96,0.00876356092008266
"asymmetric_mixture",300,"Constant",0,"OLS","PNIE",500,500,-0.32,1,0,-0.00395231716086763,0.00433195808489277,0.0968492920713658,0.00303295384366316,0.0968655275350003,0.0988689156418781,0.954,0.00936845771725528,0.38755902769722,0.954,0.00936845771725528
"asymmetric_mixture",300,"Constant",0,"OLS","TE",500,500,0.78,1,0,0.0027926053625013,0.00578861447873244,0.129338004387043,0.00392693809027499,0.129437354699852,0.134488727295191,0.95,0.00974679434480897,0.527186123650406,0.95,0.00974679434480897
"asymmetric_mixture",300,"Constant",0,"OLS","TNDE",500,500,1.1,1,0,0.00674492252336896,0.00635487108956834,0.142117215268936,0.00406404076529159,0.14209923744523,0.145669692708576,0.954,0.00936845771725528,0.571014702695653,0.954,0.00936845771725528
"asymmetric_mixture",300,"Constant",0,"OLS","TNIE",500,500,0.08,1,0,0.00200205850793566,0.00182993179591828,0.040926577877314,0.0014916799197005,0.0409185188986156,0.0398321673114927,0.91,0.0127984374046209,0.156139226713399,0.91,0.0127984374046209
"asymmetric_mixture",300,"Constant",0,"Semiparametric","PNDE",500,484,0.7,0.968,0.00787095928079926,0.000153809359837372,0.00315480039464312,0.0693340422038747,0.00276179047608366,0.0694056086821486,0.0692697688838082,0.950413223140496,0.0098677126495595,0.271532504459355,0.92,0.0121326007104825
"asymmetric_mixture",300,"Constant",0,"Semiparametric","PNIE",500,484,-0.32,0.968,0.00787095928079926,-0.00244712884928987,0.00127281792384542,0.0280798871132462,0.00297905283359578,0.0280019943245992,0.0247900247146723,0.952479338842975,0.00967044230532545,0.0971751112332311,0.922,0.0119929979571415
"asymmetric_mixture",300,"Constant",0,"Semiparametric","TE",500,484,0.78,0.968,0.00787095928079926,0.00147737638305294,0.00320507358208495,0.0704542300428781,0.00457307899459147,0.0705116188058689,0.0678570333738739,0.950413223140496,0.0098677126495595,0.26599468302105,0.92,0.0121326007104825
"asymmetric_mixture",300,"Constant",0,"Semiparametric","TNDE",500,484,1.1,0.968,0.00787095928079926,0.00392450523234281,0.00342412153156481,0.0753550763539644,0.00610992704686032,0.0753306736944258,0.0692663870479872,0.946280991735537,0.0102482891552996,0.271519247906533,0.916,0.0124051602166195
"asymmetric_mixture",300,"Constant",0,"Semiparametric","TNIE",500,484,0.08,0.968,0.00787095928079926,0.00132356702321565,0.000727164025018748,0.0160357893936623,0.00466806353767139,0.0159976085504124,0.0100255004911241,0.93801652892562,0.0109602512854209,0.0392992397791835,0.908,0.01292563344676
"asymmetric_mixture",300,"Covariate",0.15,"OLS","PNDE",500,500,0.7,1,0,0.000653536195856034,0.00627770980808797,0.140234937467119,0.00431766345656944,0.140373858739019,0.14544873000453,0.962,0.0085505555375075,0.57014854481194,0.962,0.0085505555375075
"asymmetric_mixture",300,"Covariate",0.15,"OLS","PNIE",500,500,-0.32,1,0,-0.00402832023982414,0.00433780124537037,0.096982836968603,0.00306154592517248,0.096996184575314,0.0989732136745426,0.954,0.00936845771725528,0.387967868472581,0.954,0.00936845771725528
"asymmetric_mixture",300,"Covariate",0.15,"OLS","TE",500,500,0.78,1,0,0.00269310079993534,0.00578009776564215,0.129145686540159,0.00393699082652816,0.129246915205705,0.134422428173049,0.956,0.00917213170424412,0.526926235867198,0.956,0.00917213170424412
"asymmetric_mixture",300,"Covariate",0.15,"OLS","TNDE",500,500,1.1,1,0,0.00672142103975948,0.00639047825846459,0.142910620579354,0.00405421971417644,0.142895437946613,0.146369260778406,0.964,0.0083311463797007,0.573756959138855,0.964,0.0083311463797007
"asymmetric_mixture",300,"Covariate",0.15,"OLS","TNIE",500,500,0.08,1,0,0.00203956460407939,0.00186956899852971,0.0418127810085104,0.00158174764338905,0.0418048336933864,0.0399715815623416,0.906,0.0130509769749241,0.15668572053459,0.906,0.0130509769749241
"asymmetric_mixture",300,"Covariate",0.15,"Semiparametric","PNDE",500,488,0.7,0.976,0.00684455988358638,-0.00127008737657252,0.00308652559956121,0.0681255233867584,0.00226618915863377,0.0681835790718879,0.0691157606691602,0.954918032786885,0.00939235644122808,0.270928803351288,0.932,0.0112584190719657
"asymmetric_mixture",300,"Covariate",0.15,"Semiparametric","PNIE",500,488,-0.32,0.976,0.00684455988358638,-0.00185673346630819,0.00116215722591823,0.0257136976261891,0.000733123776957453,0.0256728922379994,0.0249480469631507,0.959016393442623,0.00897445721347482,0.0977945470647786,0.936,0.0109456840809517
"asymmetric_mixture",300,"Covariate",0.15,"Semiparametric","TE",500,488,0.78,0.976,0.00684455988358638,-0.000315891622969906,0.00299112830542499,0.0660092041026179,0.00216946115436716,0.0660761839642932,0.0677379763639047,0.954918032786885,0.00939235644122808,0.265527988117757,0.932,0.0112584190719657
"asymmetric_mixture",300,"Covariate",0.15,"Semiparametric","TNDE",500,488,1.1,0.976,0.00684455988358638,0.00154084184333831,0.00304603139281885,0.0672377113114855,0.00210448066314448,0.0672890328067399,0.0692329897000551,0.94672131147541,0.0101666513130674,0.271388332708281,0.924,0.0118510759005248
"asymmetric_mixture",300,"Covariate",0.15,"Semiparametric","TNIE",500,488,0.08,0.976,0.00684455988358638,0.000954195753602691,0.00048915104213931,0.0108367138424359,0.000349344306254486,0.0108056997047241,0.0100923310520326,0.932377049180328,0.0113666617197781,0.0395612107640782,0.91,0.0127984374046209
"asymmetric_mixture",300,"Covariate",0.3,"OLS","PNDE",500,500,0.7,1,0,0.000466960655405263,0.00626649134486471,0.139983591988885,0.00429623668178305,0.140123006275316,0.144860750088103,0.962,0.0085505555375075,0.567843705892279,0.962,0.0085505555375075
"asymmetric_mixture",300,"Covariate",0.3,"OLS","PNIE",500,500,-0.32,1,0,-0.00404596909444842,0.00436010849818514,0.097481446325803,0.00310423514673583,0.0974949899121649,0.0992772313417333,0.954,0.00936845771725528,0.389159595829297,0.954,0.00936845771725528
"asymmetric_mixture",300,"Covariate",0.3,"OLS","TE",500,500,0.78,1,0,0.00248831183204187,0.00577377677339081,0.129000404309514,0.00394407134340036,0.129105573522113,0.134326471416607,0.958,0.00897061870775924,0.526550092293797,0.958,0.00897061870775924
"asymmetric_mixture",300,"Covariate",0.3,"OLS","TNDE",500,500,1.1,1,0,0.00653428092649026,0.00642867006631201,0.14375419450977,0.00405076514827842,0.143749432731917,0.147138115628401,0.962,0.0085505555375075,0.57677081476951,0.962,0.0085505555375075
"asymmetric_mixture",300,"Covariate",0.3,"OLS","TNIE",500,500,0.08,1,0,0.00202135117663667,0.00193395335581654,0.0432485083700449,0.00171433901107603,0.0432445116891962,0.0404954246875045,0.906,0.0130509769749241,0.158739147852326,0.906,0.0130509769749241
"asymmetric_mixture",300,"Covariate",0.3,"Semiparametric","PNDE",500,489,0.7,0.978,0.00655987804764693,-0.0011190161931552,0.00305653207197658,0.0675302724048038,0.00221567144432705,0.0675901463390447,0.0693292374338586,0.950920245398773,0.00976942062377049,0.271765616891978,0.93,0.0114105214604767
"asymmetric_mixture",300,"Covariate",0.3,"Semiparametric","PNIE",500,489,-0.32,0.978,0.00655987804764693,-0.00191186275232055,0.00116761865137912,0.0258642973406844,0.000739717420424049,0.0258199533512102,0.0254746889136733,0.96319018404908,0.00851497578858108,0.0998589455763228,0.942,0.0104533248299285
"asymmetric_mixture",300,"Covariate",0.3,"Semiparametric","TE",500,489,0.78,0.978,0.00655987804764693,7.87078664127598e-06,0.00296421702722986,0.0654816948711222,0.00213684465508331,0.0655487519624134,0.0679675625720154,0.959100204498977,0.00895649588087923,0.266427949516245,0.938,0.0107848041243223
"asymmetric_mixture",300,"Covariate",0.3,"Semiparametric","TNDE",500,489,1.1,0.978,0.00655987804764693,0.00191973353896184,0.00301851279060291,0.0667087556230282,0.00207554292042231,0.0667494128766637,0.0696137340019037,0.950920245398773,0.00976942062377049,0.272880822946165,0.93,0.0114105214604767
"asymmetric_mixture",300,"Covariate",0.3,"Semiparametric","TNIE",500,489,0.08,0.978,0.00655987804764693,0.00112688697979656,0.000514319374979865,0.0114174336420808,0.000380186034013102,0.0113733214640914,0.0104603472241747,0.930470347648262,0.011502225248883,0.041003807650332,0.91,0.0127984374046209
"asymmetric_mixture",300,"Covariate",0.6,"OLS","PNDE",500,500,0.7,1,0,-9.83335387925499e-06,0.00627768744019887,0.140232915307047,0.00425626752710568,0.140373358577813,0.144090021051399,0.956,0.00917213170424412,0.564822503584721,0.956,0.00917213170424412
"asymmetric_mixture",300,"Covariate",0.6,"OLS","PNIE",500,500,-0.32,1,0,-0.00391734101181191,0.00446477650451547,0.0998124538772804,0.00320856935354835,0.0998354376844049,0.100471233534143,0.95,0.00974679434480897,0.393839998418467,0.95,0.00974679434480897
"asymmetric_mixture",300,"Covariate",0.6,"OLS","TE",500,500,0.78,1,0,0.00178172503377889,0.00576635141805153,0.128822855400942,0.00393741224595035,0.128939537529155,0.134026645193983,0.96,0.00876356092008266,0.525374795097869,0.96,0.00876356092008266
"asymmetric_mixture",300,"Covariate",0.6,"OLS","TNDE",500,500,1.1,1,0,0.0056990660455908,0.00652140005858211,0.14578847710675,0.00406876955138921,0.145822938394607,0.148799207766463,0.962,0.0085505555375075,0.583282176300721,0.962,0.0085505555375075
"asymmetric_mixture",300,"Covariate",0.6,"OLS","TNIE",500,500,0.08,1,0,0.00179155838765821,0.00213403730041267,0.0477044354964308,0.00207634037893651,0.0477185247024286,0.0426306688566882,0.902,0.0132963152790538,0.167109151191924,0.902,0.0132963152790538
"asymmetric_mixture",300,"Covariate",0.6,"Semiparametric","PNDE",500,460,0.7,0.92,0.0121326007104825,-0.00112612284160426,0.0032218136665776,0.0690342406950311,0.00223797897193515,0.0691002049127732,0.0699665368719741,0.956521739130435,0.00950833749713368,0.274263784784126,0.88,0.014532721699668
"asymmetric_mixture",300,"Covariate",0.6,"Semiparametric","PNIE",500,460,-0.32,0.92,0.0121326007104825,-0.00198073632650056,0.00127483555864363,0.0273841693944029,0.000898893477652522,0.0273421766274709,0.0270586833004249,0.947826086956522,0.0103684089426792,0.106068089475816,0.872,0.0149409504383088
"asymmetric_mixture",300,"Covariate",0.6,"Semiparametric","TE",500,460,0.78,0.92,0.0121326007104825,8.04813227011792e-06,0.0031350088994023,0.0671653255159659,0.0021798816079794,0.0672384500690829,0.0685802233927106,0.956521739130435,0.00950833749713368,0.268829535802848,0.88,0.014532721699668
"asymmetric_mixture",300,"Covariate",0.6,"Semiparametric","TNDE",500,460,1.1,0.92,0.0121326007104825,0.00198878445877068,0.00318112675097604,0.0681823782430207,0.0021622953505112,0.068227567790862,0.0706529630580921,0.95,0.0101617355587133,0.276954525989799,0.874,0.0148407546977908
"asymmetric_mixture",300,"Covariate",0.6,"Semiparametric","TNIE",500,460,0.08,0.92,0.0121326007104825,0.00113417097387446,0.000609111886108808,0.013098980105937,0.000497122810634019,0.0130639945387142,0.0118871676037286,0.945652173913043,0.0105700705322992,0.0465968407629986,0.87,0.0150399468084166
"asymmetric_mixture",300,"Treatment",0.15,"OLS","PNDE",500,500,0.7,1,0,0.000141502362128798,0.00612929468839201,0.136918145101797,0.00419589176352386,0.137055195773729,0.142631597883711,0.962,0.0085505555375075,0.559105589818945,0.962,0.0085505555375075
"asymmetric_mixture",300,"Treatment",0.15,"OLS","PNIE",500,500,-0.32,1,0,-0.00417417612710008,0.0043581867577278,0.097443962676719,0.00304099609809363,0.0974520184891877,0.0988095405219391,0.952,0.00955991631762538,0.387326281503903,0.952,0.00955991631762538
"asymmetric_mixture",300,"Treatment",0.15,"OLS","TE",500,500,0.78,1,0,0.00222760980790235,0.00567852190807966,0.126868129034309,0.00384227235667744,0.126975609981879,0.132223113285123,0.956,0.00917213170424412,0.5183050799252,0.956,0.00917213170424412
"asymmetric_mixture",300,"Treatment",0.15,"OLS","TNDE",500,500,1.1,1,0,0.00640178593500243,0.00650726544344895,0.145502199761236,0.0041813919673454,0.145506878791872,0.149116893118021,0.954,0.00936845771725528,0.584527479995659,0.954,0.00936845771725528
"asymmetric_mixture",300,"Treatment",0.15,"OLS","TNIE",500,500,0.08,1,0,0.00208610744577365,0.00183096784465298,0.0409538890107368,0.00150278113899261,0.0409416856526034,0.0397870114494368,0.906,0.0130509769749241,0.155962218986758,0.906,0.0130509769749241
"asymmetric_mixture",300,"Treatment",0.15,"Semiparametric","PNDE",500,486,0.7,0.972,0.00737780455149091,-0.0186347404828968,0.00297652317720279,0.0681483918497804,0.0022005861280003,0.0656186669254316,0.067166709566898,0.940329218106996,0.0107449078456584,0.263288663422364,0.914,0.0125382614424808
"asymmetric_mixture",300,"Treatment",0.15,"Semiparametric","PNIE",500,486,-0.32,0.972,0.00737780455149091,0.0262022181943474,0.00113614482383934,0.0362299101953288,0.000970517882305581,0.0250467758307959,0.0251377781664617,0.802469135802469,0.0180598241043727,0.0985382797152444,0.78,0.0185256578830551
"asymmetric_mixture",300,"Treatment",0.15,"Semiparametric","TE",500,486,0.78,0.972,0.00737780455149091,-0.0247448125844563,0.00293586202251678,0.0692290356009613,0.00220722441469537,0.0647222751934337,0.0666180055510586,0.921810699588477,0.0121780121051292,0.261137783203928,0.896,0.013651666564929
"asymmetric_mixture",300,"Treatment",0.15,"Semiparametric","TNDE",500,486,1.1,0.972,0.00737780455149091,-0.0509470307788037,0.00318010335816687,0.0866050389351514,0.00258489175285391,0.0701066750113807,0.0717768626744417,0.876543209876543,0.0149219651322183,0.281360131530366,0.852,0.0158805541465026
"asymmetric_mixture",300,"Treatment",0.15,"Semiparametric","TNIE",500,486,0.08,0.972,0.00737780455149091,-0.00611007210155952,0.000441847185713961,0.0114899527768864,0.000326226962910027,0.00974070134355566,0.00947219370911167,0.872427983539095,0.0151329769004773,0.0371303170488915,0.848,0.0160559023415067
"asymmetric_mixture",300,"Treatment",0.3,"OLS","PNDE",500,500,0.7,1,0,-0.000492485204274773,0.0059636541980084,0.133218854022224,0.00406063932512294,0.133351361810488,0.139173555868557,0.96,0.00876356092008266,0.545550314205488,0.96,0.00876356092008266
"asymmetric_mixture",300,"Treatment",0.3,"OLS","PNIE",500,500,-0.32,1,0,-0.00435744321359185,0.00438586440826643,0.0980696426454236,0.00305515300903093,0.0980709095698063,0.0987656895824213,0.954,0.00936845771725528,0.387154388979617,0.954,0.00936845771725528
"asymmetric_mixture",300,"Treatment",0.3,"OLS","TE",500,500,0.78,1,0,0.00166150956927069,0.00557242373165066,0.124489605310385,0.00376676234258009,0.124603182634039,0.130009792400668,0.958,0.00897061870775924,0.509629021485677,0.958,0.00897061870775924
"asymmetric_mixture",300,"Treatment",0.3,"OLS","TNDE",500,500,1.1,1,0,0.00601895278286255,0.00665037215641289,0.148679942333118,0.00429841866467802,0.148706842174111,0.152344395844889,0.946,0.0101078187557949,0.59717905820499,0.946,0.0101078187557949
"asymmetric_mixture",300,"Treatment",0.3,"OLS","TNIE",500,500,0.08,1,0,0.00215399477354555,0.00183258558567555,0.0409934907999859,0.00151478979464644,0.0409778594415679,0.0397615074975488,0.902,0.0132963152790538,0.15586224533243,0.902,0.0132963152790538
"asymmetric_mixture",300,"Treatment",0.3,"Semiparametric","PNDE",500,486,0.7,0.972,0.00737780455149091,-0.0379256376844774,0.00461769368532141,0.108535962035313,0.026590954387321,0.101798939857585,0.0668332454777255,0.890946502057613,0.014139285996673,0.261981508212533,0.866,0.0152344346793703
"asymmetric_mixture",300,"Treatment",0.3,"Semiparametric","PNIE",500,486,-0.32,0.972,0.00737780455149091,0.0650885641346298,0.00117534219360389,0.0700465158167031,0.00113096870003225,0.0259108978274371,0.026196378723073,0.32716049382716,0.0212822742133263,0.102687917645189,0.318,0.0208267136149706
"asymmetric_mixture",300,"Treatment",0.3,"Semiparametric","TE",500,486,0.78,0.972,0.00737780455149091,-0.0536671109872736,0.00444306440796837,0.111599539194379,0.0203394096673201,0.0979491662445918,0.0668661250587128,0.843621399176955,0.0164757168879087,0.262110393801657,0.82,0.0171813852759316
"asymmetric_mixture",300,"Treatment",0.3,"Semiparametric","TNDE",500,486,1.1,0.972,0.00737780455149091,-0.118755675121903,0.00470418211921542,0.157593258541953,0.0131920995189966,0.10370561264282,0.0744826890923961,0.619341563786008,0.0220249386873915,0.291966776185581,0.602,0.0218904545407353
"asymmetric_mixture",300,"Treatment",0.3,"Semiparametric","TNIE",500,486,0.08,0.972,0.00737780455149091,-0.0157414733027961,0.000706285926734075,0.0221298732427325,0.0024852205591962,0.015570361197065,0.00912709865479638,0.526748971193416,0.0226479812479887,0.0357775692934898,0.512,0.0223542389716134
"asymmetric_mixture",300,"Treatment",0.6,"OLS","PNDE",500,500,0.7,1,0,-0.00166521880891467,0.00566982687958915,0.12666528505906,0.0038372157884335,0.126781183234168,0.132969453556055,0.96,0.00876356092008266,0.521230680027677,0.96,0.00876356092008266
"asymmetric_mixture",300,"Treatment",0.6,"OLS","PNIE",500,500,-0.32,1,0,-0.0045518084439125,0.00444534963512234,0.0994058575536308,0.00309809315696315,0.0994010396788744,0.098844064479956,0.952,0.00955991631762538,0.387461612932537,0.952,0.00955991631762538
"asymmetric_mixture",300,"Treatment",0.6,"OLS","TE",500,500,0.78,1,0,0.00058593792544636,0.00538786031047109,0.120357108834926,0.00365229490833817,0.120476219074865,0.126075008828028,0.96,0.00876356092008266,0.494204953307007,0.96,0.00876356092008266
"asymmetric_mixture",300,"Treatment",0.6,"OLS","TNDE",500,500,1.1,1,0,0.00513774636935885,0.0068944524506497,0.154096074772515,0.00451775562566005,0.154164643472927,0.157837801611678,0.94,0.0106207344378814,0.618712813115734,0.94,0.0106207344378814
"asymmetric_mixture",300,"Treatment",0.6,"OLS","TNIE",500,500,0.08,1,0,0.00225115673436111,0.00183574196089079,0.0410691128657933,0.00153827351787,0.0410484381370057,0.0397401666895712,0.904,0.0131745208641529,0.155778590902356,0.904,0.0131745208641529
"asymmetric_mixture",300,"Treatment",0.6,"Semiparametric","PNDE",500,399,0.7,0.798,0.0179552777756291,-0.111997189858548,0.0132208602084491,0.286548854660859,0.0929634468348076,0.264086475829206,0.07061967537125,0.6265664160401,0.0242160773419538,0.27682404065512,0.5,0.0223606797749979
"asymmetric_mixture",300,"Treatment",0.6,"Semiparametric","PNIE",500,399,-0.32,0.798,0.0179552777756291,0.17952910208517,0.00138295265439524,0.181636715994147,0.00136099249584992,0.0276244576358565,0.0278425131373282,0,0,0.109140645976493,0,0
"asymmetric_mixture",300,"Treatment",0.6,"Semiparametric","TE",500,399,0.78,0.798,0.0179552777756291,-0.156839946600029,0.0131520289007224,0.305684744145442,0.0884929843223829,0.262711571534201,0.070568612907751,0.393483709273183,0.024456717422668,0.27662387947628,0.314,0.0207559148196364
"asymmetric_mixture",300,"Treatment",0.6,"Semiparametric","TNDE",500,399,1.1,0.798,0.0179552777756291,-0.336369048685199,0.0132832478598238,0.42821620362637,0.0680579211420142,0.265332668189388,0.0778852394387148,0.0100250626566416,0.00498734256926352,0.305304528454319,0.008,0.0039839678713564
"asymmetric_mixture",300,"Treatment",0.6,"Semiparametric","TNIE",500,399,0.08,0.798,0.0179552777756291,-0.0448427567414805,0.000447736662229788,0.0457237262635063,0.000550862483824188,0.00894353282339612,0.00784059706744713,0.0025062656641604,0.0025031230100539,0.0307345757389735,0.002,0.00199799899899875
"gaussian",300,"Constant",0,"OLS","PNDE",500,500,0.7,1,0,0.00336871761992386,0.00672970555855291,0.150367974562095,0.00480963539831834,0.150480790974825,0.145829152928443,0.942,0.0104533248299285,0.571639775271463,0.942,0.0104533248299285
"gaussian",300,"Constant",0,"OLS","PNIE",500,500,-0.32,1,0,-0.00105580519365321,0.00455432817751418,0.101741463493053,0.00319192229543083,0.101837873967644,0.0981029290501005,0.948,0.00992935043192656,0.38455641543217,0.948,0.00992935043192656
"gaussian",300,"Constant",0,"OLS","TE",500,500,0.78,1,0,0.00293117946700837,0.0060395824322386,0.13494589002639,0.0041259827008969,0.13504916874199,0.134358167681233,0.952,0.00955991631762538,0.526674339368019,0.952,0.00955991631762538
"gaussian",300,"Constant",0,"OLS","TNDE",500,500,1.1,1,0,0.0039869846606616,0.00640941409927913,0.143230967341589,0.00446297982122637,0.143318856219337,0.145771432886105,0.954,0.00936845771725528,0.571413516863126,0.954,0.00936845771725528
"gaussian",300,"Constant",0,"OLS","TNIE",500,500,0.08,1,0,-0.000437538152915396,0.00183928112814823,0.041088757814614,0.00175852808923938,0.0411275763227194,0.040179744764387,0.902,0.0132963152790538,0.15750170529242,0.902,0.0132963152790538
"gaussian",300,"Constant",0,"Semiparametric","PNDE",500,500,0.7,1,0,0.004676648356306,0.00705574013027364,0.157682662217631,0.0051029899418412,0.157771145628651,0.152568610217298,0.934,0.0111035129576184,0.598057962394466,0.934,0.0111035129576184
"gaussian",300,"Constant",0,"Semiparametric","PNIE",500,500,-0.32,1,0,0.00153960708408385,0.00471524399384943,0.105341823720773,0.00331719695567595,0.105436061007449,0.104010792267126,0.932,0.0112584190719657,0.407714813694089,0.932,0.0112584190719657
"gaussian",300,"Constant",0,"Semiparametric","TE",500,500,0.78,1,0,0.00348319408351945,0.00631193903354076,0.141041055186878,0.00454296357920599,0.141139247488315,0.140003559101286,0.934,0.0111035129576184,0.548803867091891,0.934,0.0111035129576184
"gaussian",300,"Constant",0,"Semiparametric","TNDE",500,500,1.1,1,0,0.00194358699943561,0.00655485532340571,0.146437275164159,0.0045291559365816,0.146571020858115,0.15204859764215,0.956,0.00917213170424412,0.596019550556873,0.956,0.00917213170424412
"gaussian",300,"Constant",0,"Semiparametric","TNIE",500,500,0.08,1,0,-0.00119345427278648,0.0018846215502622,0.0421161694432181,0.00159850159628527,0.0421414189824731,0.042012127917016,0.914,0.0125382614424808,0.164684515262482,0.914,0.0125382614424808
"gaussian",300,"Covariate",0.15,"OLS","PNDE",500,500,0.7,1,0,0.0035811991039914,0.00672470218872101,0.150261149772621,0.00482931328497037,0.150368912224218,0.145079796888308,0.936,0.0109456840809517,0.568702353570941,0.936,0.0109456840809517
"gaussian",300,"Covariate",0.15,"OLS","PNIE",500,500,-0.32,1,0,-0.00128330474101798,0.0045618065755849,0.101911120140788,0.00324682346852916,0.102005096032134,0.0981461711363984,0.95,0.00974679434480897,0.384725921295691,0.95,0.00974679434480897
"gaussian",300,"Covariate",0.15,"OLS","TE",500,500,0.78,1,0,0.00298122152078433,0.0060588705103391,0.135377744479746,0.00414052217011219,0.135480463279871,0.134294562547627,0.95,0.00974679434480897,0.526425011825822,0.95,0.00974679434480897
"gaussian",300,"Covariate",0.15,"OLS","TNDE",500,500,1.1,1,0,0.0042645262618023,0.00647496502991986,0.144702616014506,0.00454712241650734,0.144784619588348,0.146453544130999,0.942,0.0104533248299285,0.574087343810012,0.942,0.0104533248299285
"gaussian",300,"Covariate",0.15,"OLS","TNIE",500,500,0.08,1,0,-0.000599977583206986,0.00183966619370546,0.0410994094060663,0.00176939288198653,0.041136186650337,0.0403586224374226,0.904,0.0131745208641529,0.158202892885997,0.904,0.0131745208641529
"gaussian",300,"Covariate",0.15,"Semiparametric","PNDE",500,500,0.7,1,0,0.00418654045735238,0.00709201770268493,0.158478982686993,0.00500843660974661,0.158582336808354,0.151368899356528,0.93,0.0114105214604767,0.593355182236525,0.93,0.0114105214604767
"gaussian",300,"Covariate",0.15,"Semiparametric","PNIE",500,500,-0.32,1,0,0.00139835209567145,0.0046936220712795,0.104856899508027,0.00337802953791856,0.104952580120743,0.103643582277212,0.944,0.0102824121683582,0.4062753769841,0.944,0.0102824121683582
"gaussian",300,"Covariate",0.15,"Semiparametric","TE",500,500,0.78,1,0,0.00310668791620709,0.00640160364439388,0.143034735608339,0.00448013992981401,0.143144209138751,0.139900836569663,0.932,0.0112584190719657,0.548401202167127,0.932,0.0112584190719657
"gaussian",300,"Covariate",0.15,"Semiparametric","TNDE",500,500,1.1,1,0,0.00170833582053566,0.00659403148551048,0.147309411702021,0.00463733975206544,0.147447026473753,0.153032242627416,0.946,0.0101078187557949,0.599875368046259,0.946,0.0101078187557949
"gaussian",300,"Covariate",0.15,"Semiparametric","TNIE",500,500,0.08,1,0,-0.0010798525411452,0.00187436164863578,0.0418839903168151,0.00154868986259523,0.0419120006076818,0.0423609552644199,0.924,0.0118510759005248,0.166051893337951,0.924,0.0118510759005248
"gaussian",300,"Covariate",0.3,"OLS","PNDE",500,500,0.7,1,0,0.00384463965675171,0.00673065036914159,0.150400488016202,0.00485365984835542,0.150501917581847,0.144432289682161,0.94,0.0106207344378814,0.566164171963384,0.94,0.0106207344378814
"gaussian",300,"Covariate",0.3,"OLS","PNIE",500,500,-0.32,1,0,-0.00138416898337294,0.00457927981796003,0.102302726971041,0.00330141296256689,0.102395809609515,0.0983728872335281,0.946,0.0101078187557949,0.38561463206587,0.946,0.0101078187557949
"gaussian",300,"Covariate",0.3,"OLS","TE",500,500,0.78,1,0,0.00304467672728567,0.00608107727748348,0.135875093313241,0.0041528700397139,0.135977021688824,0.134203505600016,0.942,0.0104533248299285,0.526068075150101,0.942,0.0104533248299285
"gaussian",300,"Covariate",0.3,"OLS","TNDE",500,500,1.1,1,0,0.00442884571065861,0.00654586515668149,0.146290606835872,0.00462887916705022,0.146369994618871,0.147240322250232,0.94,0.0106207344378814,0.577171457365054,0.94,0.0106207344378814
"gaussian",300,"Covariate",0.3,"OLS","TNIE",500,500,0.08,1,0,-0.000799962929465965,0.00186526206022278,0.0416744767788208,0.00179632999478374,0.0417085276250943,0.0410364103508851,0.906,0.0130509769749241,0.160859772685083,0.906,0.0130509769749241
"gaussian",300,"Covariate",0.3,"Semiparametric","PNDE",500,500,0.7,1,0,0.00475976778579651,0.00712889808176806,0.159318637113279,0.00499263908391768,0.159407007155012,0.152344704611892,0.926,0.0117067501895274,0.597180268549403,0.926,0.0117067501895274
"gaussian",300,"Covariate",0.3,"Semiparametric","PNIE",500,500,-0.32,1,0,0.000459355186841646,0.00474146514051718,0.105917304322187,0.00345501876226861,0.10602238367142,0.104789405474011,0.934,0.0111035129576184,0.410766921380851,0.934,0.0111035129576184
"gaussian",300,"Covariate",0.3,"Semiparametric","TE",500,500,0.78,1,0,0.00374899206922996,0.0064752459058094,0.144694612554667,0.00436175352387777,0.14479090016417,0.141467363788533,0.93,0.0114105214604767,0.5545418760267,0.93,0.0114105214604767
"gaussian",300,"Covariate",0.3,"Semiparametric","TNDE",500,500,1.1,1,0,0.00328963688238833,0.00669999901341627,0.14970278926569,0.00453937660325394,0.149816532431803,0.15579557382343,0.948,0.00992935043192656,0.610707427289347,0.948,0.00992935043192656
"gaussian",300,"Covariate",0.3,"Semiparametric","TNIE",500,500,0.08,1,0,-0.00101077571656645,0.00193722743820013,0.0432861859149037,0.00159450901079765,0.0433177223969327,0.0437736886896667,0.914,0.0125382614424808,0.17158970660443,0.914,0.0125382614424808
"gaussian",300,"Covariate",0.6,"OLS","PNDE",500,500,0.7,1,0,0.00453325919567858,0.00677407973449912,0.151389366890022,0.00491617220433892,0.151473027713438,0.143535931604734,0.93,0.0114105214604767,0.562650512865365,0.93,0.0114105214604767
"gaussian",300,"Covariate",0.6,"OLS","PNIE",500,500,-0.32,1,0,-0.00117910613315014,0.00464833681660338,0.103842673484497,0.00340468596794816,0.103939971042401,0.0994974278740331,0.938,0.0107848041243223,0.390022750374953,0.938,0.0107848041243223
"gaussian",300,"Covariate",0.6,"OLS","TE",500,500,0.78,1,0,0.00322124422721879,0.00613044889536024,0.136981735424926,0.00417122367190442,0.13708100462614,0.133948108295683,0.932,0.0112584190719657,0.525066936113621,0.932,0.0112584190719657
"gaussian",300,"Covariate",0.6,"OLS","TNDE",500,500,1.1,1,0,0.00440035036036891,0.00670583521846174,0.149861628997878,0.00477017302894384,0.149947033943926,0.149197217480935,0.936,0.0109456840809517,0.584842345712444,0.936,0.0109456840809517
"gaussian",300,"Covariate",0.6,"OLS","TNIE",500,500,0.08,1,0,-0.0013120149684597,0.00200657828386956,0.0448427611941618,0.00186924587409724,0.0448684544490721,0.0439964976436869,0.908,0.01292563344676,0.172463101655055,0.908,0.01292563344676
"gaussian",300,"Covariate",0.6,"Semiparametric","PNDE",500,500,0.7,1,0,0.00655892339761293,0.00710746377591287,0.158904134929733,0.00492276128409235,0.158927721505585,0.152042670825968,0.936,0.0109456840809517,0.595996317864353,0.936,0.0109456840809517
"gaussian",300,"Covariate",0.6,"Semiparametric","PNIE",500,500,-0.32,1,0,-0.000419456843973949,0.00488727049298069,0.109174158879069,0.00360163479582532,0.109282690467337,0.106250030549286,0.938,0.0107848041243223,0.416492466465761,0.938,0.0107848041243223
"gaussian",300,"Covariate",0.6,"Semiparametric","TE",500,500,0.78,1,0,0.00635976113629969,0.0064891393065319,0.145095837647259,0.00442976173811197,0.145101566048712,0.142472311925361,0.946,0.0101078187557949,0.558481200335728,0.946,0.0101078187557949
"gaussian",300,"Covariate",0.6,"Semiparametric","TNDE",500,500,1.1,1,0,0.00677921798027364,0.00706175609028055,0.15789328338043,0.00507719172395559,0.157905666583905,0.158452116730142,0.936,0.0109456840809517,0.621120884130431,0.936,0.0109456840809517
"gaussian",300,"Covariate",0.6,"Semiparametric","TNIE",500,500,0.08,1,0,-0.000199162261313145,0.00222349919778977,0.0496696089999672,0.00184513086727529,0.0497189535417417,0.0485622920446528,0.896,0.013651666564929,0.190360686828471,0.896,0.013651666564929
"gaussian",300,"Treatment",0.15,"OLS","PNDE",500,500,0.7,1,0,0.00319031401466397,0.00656328730456804,0.146647439406291,0.00467228659711214,0.146759565688755,0.142366693714615,0.94,0.0106207344378814,0.558067184557381,0.94,0.0106207344378814
"gaussian",300,"Treatment",0.15,"OLS","PNIE",500,500,-0.32,1,0,-0.00037968467858551,0.00454740959243891,0.101582145218323,0.00319791153945531,0.10168316970228,0.0981077485818521,0.946,0.0101078187557949,0.384575307649481,0.946,0.0101078187557949
"gaussian",300,"Treatment",0.15,"OLS","TE",500,500,0.78,1,0,0.00255820759944232,0.00592311268951934,0.132337043674708,0.00405016903374553,0.132444826121569,0.132137562376484,0.952,0.00955991631762538,0.517969726525647,0.952,0.00955991631762538
"gaussian",300,"Treatment",0.15,"OLS","TNDE",500,500,1.1,1,0,0.00293789227802783,0.00657347092720915,0.146869604433451,0.00461459994721029,0.146987278413582,0.149156017427331,0.952,0.00955991631762538,0.584680844469995,0.952,0.00955991631762538
"gaussian",300,"Treatment",0.15,"OLS","TNIE",500,500,0.08,1,0,-0.000632106415221555,0.00183592812230962,0.0410163986911764,0.00177420268507753,0.0410526008328785,0.0401094376787804,0.904,0.0131745208641529,0.157226106581127,0.904,0.0131745208641529
"gaussian",300,"Treatment",0.15,"Semiparametric","PNDE",500,500,0.7,1,0,0.00395827522259722,0.00688140318106812,0.153769857589856,0.00494377478997362,0.153872852934516,0.153601232518234,0.942,0.0104533248299285,0.602105767433401,0.942,0.0104533248299285
"gaussian",300,"Treatment",0.15,"Semiparametric","PNIE",500,500,-0.32,1,0,0.00130157766980341,0.00477324671336939,0.106634198611842,0.00342786314853937,0.106733041244714,0.107043594130189,0.944,0.0102824121683582,0.419603178541787,0.944,0.0102824121683582
"gaussian",300,"Treatment",0.15,"Semiparametric","TE",500,500,0.78,1,0,0.00289708215897873,0.00621008444082037,0.138753026335765,0.00444907827930759,0.138861709556881,0.142229309563932,0.952,0.00955991631762538,0.557528648582608,0.952,0.00955991631762538
"gaussian",300,"Treatment",0.15,"Semiparametric","TNDE",500,500,1.1,1,0,0.00159550448917532,0.00674884368143009,0.150766190711738,0.00466749501265887,0.150908732411976,0.16073738432305,0.964,0.0083311463797007,0.630078968484702,0.964,0.0083311463797007
"gaussian",300,"Treatment",0.15,"Semiparametric","TNIE",500,500,0.08,1,0,-0.0010611930636184,0.00187075627668668,0.0418030013880919,0.00154687309813445,0.0418313820400582,0.0428336896508084,0.918,0.0122699633251286,0.167904978081101,0.918,0.0122699633251286
"gaussian",300,"Treatment",0.3,"OLS","PNDE",500,500,0.7,1,0,0.0029990507742783,0.00639552949810496,0.142896781939101,0.0045276884236977,0.143008387098678,0.138968895774701,0.946,0.0101078187557949,0.54474806137943,0.946,0.0101078187557949
"gaussian",300,"Treatment",0.3,"OLS","PNIE",500,500,-0.32,1,0,0.000275198694659473,0.00454434400733738,0.101513328683361,0.00321118814087809,0.101614621135502,0.0981326104370215,0.942,0.0104533248299285,0.384672764330923,0.942,0.0104533248299285
"gaussian",300,"Treatment",0.3,"OLS","TE",500,500,0.78,1,0,0.00217849712857231,0.00580697789499777,0.12973635186008,0.00396955671933926,0.129847973170536,0.129970999691071,0.952,0.00955991631762538,0.509476956858331,0.952,0.00955991631762538
"gaussian",300,"Treatment",0.3,"OLS","TNDE",500,500,1.1,1,0,0.00190329843391282,0.00673182347884999,0.150389589974759,0.00475850002373703,0.150528149112377,0.152332217450932,0.954,0.00936845771725528,0.597131319777902,0.954,0.00936845771725528
"gaussian",300,"Treatment",0.3,"OLS","TNIE",500,500,0.08,1,0,-0.000820553645705907,0.00183262424766045,0.0409459474577019,0.00177960080401143,0.0409787239498318,0.0400572358449111,0.908,0.01292563344676,0.157021479152505,0.908,0.01292563344676
"gaussian",300,"Treatment",0.3,"Semiparametric","PNDE",500,500,0.7,1,0,0.00238547603569268,0.00694287183893341,0.155110353337462,0.00484603584112066,0.155247333909241,0.164112285737434,0.956,0.00917213170424412,0.643308338931833,0.956,0.00917213170424412
"gaussian",300,"Treatment",0.3,"Semiparametric","PNIE",500,500,-0.32,1,0,0.000936470097145994,0.00498513781009275,0.111363480863636,0.00354092188318162,0.111471070205718,0.116157633725041,0.95,0.00974679434480897,0.455329557260949,0.95,0.00974679434480897
"gaussian",300,"Treatment",0.3,"Semiparametric","TE",500,500,0.78,1,0,0.00112651109119218,0.00634767454158766,0.141800783136458,0.00437124985234229,0.141938317740348,0.152758841401172,0.952,0.00955991631762538,0.598803654932726,0.952,0.00955991631762538
"gaussian",300,"Treatment",0.3,"Semiparametric","TNDE",500,500,1.1,1,0,0.000190040994046178,0.00717701222626232,0.160322421573038,0.00500863721887046,0.160482872132696,0.176669841676629,0.962,0.0085505555375075,0.692533053681173,0.962,0.0085505555375075
"gaussian",300,"Treatment",0.3,"Semiparametric","TNIE",500,500,0.08,1,0,-0.00125896494450042,0.00192077557331432,0.0429253423451569,0.0015350570696921,0.0429498475145196,0.0454053105156268,0.92,0.0121326007104825,0.177985546634973,0.92,0.0121326007104825
"gaussian",300,"Treatment",0.6,"OLS","PNDE",500,500,0.7,1,0,0.00260267816163382,0.00608311679374682,0.13591145862976,0.00424680581434192,0.136022626658885,0.132881467660612,0.946,0.0101078187557949,0.520885781655248,0.946,0.0101078187557949
"gaussian",300,"Treatment",0.6,"OLS","PNIE",500,500,-0.32,1,0,0.00147087383911259,0.00455654925447437,0.101796227253114,0.00326686144701183,0.101887538758307,0.0983496377331316,0.94,0.0106207344378814,0.385523495698999,0.94,0.0106207344378814
"gaussian",300,"Treatment",0.6,"OLS","TE",500,500,0.78,1,0,0.00144113299078501,0.00559364421917068,0.124960857207276,0.00380996546171074,0.125077687160144,0.12612736058366,0.96,0.00876356092008266,0.494410168418139,0.96,0.00876356092008266
"gaussian",300,"Treatment",0.6,"OLS","TNDE",500,500,1.1,1,0,-2.97408483275583e-05,0.00701947383441711,0.156803170655568,0.00501866309612982,0.156960206600378,0.157761161734185,0.948,0.00992935043192656,0.618412390316404,0.948,0.00992935043192656
"gaussian",300,"Treatment",0.6,"OLS","TNIE",500,500,0.08,1,0,-0.00116154517084873,0.00182635089735728,0.0408141204697897,0.00176705084084211,0.0408384475725861,0.0399823004585714,0.912,0.0126693330526907,0.156727737835718,0.912,0.0126693330526907
"gaussian",300,"Treatment",0.6,"Semiparametric","PNDE",500,500,0.7,1,0,0.000903373064401835,0.00800389138423875,0.178795672349608,0.00570409222031647,0.178972452196827,0.19457435317379,0.96,0.00876356092008266,0.762717449071609,0.96,0.00876356092008266
"gaussian",300,"Treatment",0.6,"Semiparametric","PNIE",500,500,-0.32,1,0,0.00269218411697031,0.00592262469774326,0.132328802711914,0.00393289929384116,0.132433914293731,0.141040914821124,0.952,0.00955991631762538,0.552870226791968,0.952,0.00955991631762538
"gaussian",300,"Treatment",0.6,"Semiparametric","TE",500,500,0.78,1,0,-0.000479481704769413,0.00740079907079067,0.165322023695958,0.00490190256438976,0.165486898101052,0.182685813269081,0.954,0.00936845771725528,0.716115228987615,0.954,0.00936845771725528
"gaussian",300,"Treatment",0.6,"Semiparametric","TNDE",500,500,1.1,1,0,-0.00317166582173974,0.00851311081005515,0.190194937473528,0.00602631387780237,0.190358944712716,0.215439710061852,0.962,0.0085505555375075,0.844508145121963,0.962,0.0085505555375075
"gaussian",300,"Treatment",0.6,"Semiparametric","TNIE",500,500,0.08,1,0,-0.00138285476917116,0.00215448037244917,0.0481473087438093,0.00173018584327184,0.048175645689854,0.0508813643425716,0.918,0.0122699633251286,0.199451283191402,0.918,0.0122699633251286
