"Path","Bytes","MD5"
".gitattributes",204,"8d84354748cb3274e38254f0076f61cb"
".gitignore",453,"40b108c305b98de8b970a8ab7d0c60c2"
"APPLICATION_JOBS2_20260916.md",2063,"fb6afcdcd1893bb8861f2504fe56050e"
"calibrated_power_supplement.tex",8211,"0f99aba826173f40afc5e35e7e5ddf8a"
"CITATION.cff",866,"e79c68bdae6ceb3e90613c03f2c830e3"
"confounding_application_section.tex",1947,"4216e6458d3c01a686d8ea806520c932"
"confounding_curve_section.tex",1974,"a462d4a9e02a52b95723429237f66cbf"
"confounding_curve_supplement.tex",3555,"4e744ad1543f3137e57cb3693f3cb825"
"confounding_section.tex",6163,"ea15c067ca5854381a91326421c02691"
"CONFOUNDING_SENSITIVITY_PLAN_20260916.md",4232,"84036d9875a551baf7cb7482cd256f55"
"confounding_supplement.tex",9372,"98660d72ad6495a5dd3a86a47993295a"
"CURVE_SIMULATION_PLAN_20260916.md",3105,"5a60984d3b512e9e4d5e2fdee96fb3af"
"data/jobs.RData",16750,"749028f584f2a4ef09e5b4776384a527"
"data/README.md",1845,"08df7ae8642293502245baf681f7b9ab"
"docs/COMPACT_RESULTS.md",2306,"5cf1272f4b5bd8af852685e6fd5a0790"
"docs/GPL-2-mediation-data.txt",18092,"b234ee4d69f5fce4486a80fdaf4a4263"
"docs/PACKAGING_NOTES.md",4032,"8ab9e1aae1169e8c2cb8024f6029def6"
"docs/RESULT_COMPRESSION.csv",1136,"9050759a65ab0708d936a32dca455e80"
"docs/VERIFICATION.md",11603,"9e9843f9af0e2d3e703f81d00c63d321"
"figures/application_effects.pdf",6107,"99aac6a8eff933745b8f84810d8f8569"
"figures/application_residuals.pdf",124553,"a1107d0deaa778784dd37347ce916ca8"
"figures/calibrated_power_curves.pdf",7242,"2cb527429b0167493e8299e6889cb40c"
"figures/confounding_r2_contours.pdf",9876,"355185885129233bab215afd3ba3f88b"
"figures/confounding_rho_curves.pdf",10206,"a9812b66528109379483afb5b6f33456"
"figures/confounding_simulation_curve_coverage.pdf",9403,"bd37cd7961b2901bb979957c461d945b"
"figures/confounding_simulation_curve_ratios.pdf",8493,"3ac8749eedac077e9a20415f2d17f508"
"figures/confounding_simulation_curves.pdf",13179,"352c2454b75bb9073ae5294c4203ca4f"
"figures/error_distributions.pdf",18205,"387f1ef839c519416b106d74cd26e8f7"
"figures/simulation_efficiency_ratios.pdf",7332,"80be7a99a87e7bd0a84dbd7b14c12ad9"
"figures/size_power_curve.pdf",5328,"b3fc3964a6c2b7b963bcdb07696a6073"
"figures/variance_sensitivity_coverage.pdf",8948,"25cbf84bf5a366abb1b0e82ec5e3dbd8"
"Makefile",2377,"4563a306ddc2b72b182ae9e77c7d3d03"
"manuscript.tex",58649,"fc3f3204187e8eb834fa8d0b327e4882"
"output/pdf/ESM_1.pdf",676462,"2b8ba7887d06017540271d4fd41d7d62"
"output/pdf/JKSS_manuscript.pdf",555276,"d5321dc4713e8a1f1c74222b7811541c"
"output/pdf/JKSS_supplement.pdf",676462,"2b8ba7887d06017540271d4fd41d7d62"
"POWER_CALIBRATION_PLAN_20260923.md",3446,"f98e9adc7948116417caa7d7544cbeeb"
"R/calibrated_power.R",5431,"63b89a5f96234c520ab5c7d398217dc8"
"R/check_dependencies.R",900,"66aed11b4f02199fe4aa38bdb14f3ea3"
"R/compress_results.R",2766,"4be01fc3d499ee7f6a7d25fb427017ed"
"R/confounding_curve.R",1433,"60682ef9e80fc7f17d28193fc53426aa"
"R/confounding_sensitivity.R",7686,"8204ce3109ee50187dd70aa782e54a5a"
"R/make_calibrated_power_assets.R",6116,"aa0a78c74151db4ca30a98b7d343d13c"
"R/make_confounding_assets.R",5229,"d6bdfe5d87d5eceef7f269806c20f56c"
"R/make_confounding_curve_assets.R",6075,"2f05ab6b530a24113bfc658c4597a53b"
"R/make_manuscript_assets.R",25470,"5b59976c6de353557b78c0d42218ad44"
"R/paired_fit_audit.R",5247,"e8273c7570b2410192bf17ed36d04631"
"R/refresh_medflex.R",3518,"0ef896a523f1a15c30c1eb914f3ca304"
"R/results_io.R",653,"783a78b0f2ccf6e79a090f777ae600f9"
"R/run_application.R",10915,"036da6e797f111a4a06c57b7b55a3c8e"
"R/run_calibrated_power.R",3164,"5d0e1fabb18c71b9069ea630f0df9068"
"R/run_comparator.R",6059,"fd2d97f1f6a4d1eaf13f00da29059ce9"
"R/run_confounding_application.R",3140,"1dd0fe7cfeef0f0031e0391757aaa0b0"
"R/run_confounding_curve.R",3979,"1c2a9ede394b23fb3a77d0bf753d086c"
"R/run_confounding_simulation.R",4145,"229712713275fc7f8af8c3f8c0ed9da2"
"R/run_simulations.R",15859,"f6a355f1e4c3fa324556f6c04ddeba44"
"R/run_variance_sensitivity.R",3027,"d05c3b2fad979bb9971fe94e9ab5bba2"
"R/semiparametric_mediation.R",19421,"2f3967c6ec1953cb8e310d9ba1048c87"
"R/smoke_test.R",1277,"bcc33ec367f31de1b54246aa3420e5f1"
"R/summarize_calibrated_power.R",6138,"9b985d231d5c8fe7654dbd7914702989"
"R/summarize_confounding_curve.R",4457,"9e818a98bb82a085a21dab7b504fbd88"
"R/summarize_confounding.R",2697,"a856ddac7aba0c7df68009c7ea12a87d"
"R/test_application.R",2634,"9c4a0f87ef5560e117c5ac43a7445254"
"R/test_calibrated_power_outputs.R",5330,"6b2c06c00d7e8e9c6a645519a00fca2a"
"R/test_calibrated_power.R",2376,"bc79ddf8376be9d64050564f4f471050"
"R/test_comparator_outputs.R",3977,"1ac846c673c0a3fd8e04fbf3491e3697"
"R/test_confounding_curve_outputs.R",6644,"6e5798fd8c0679d3349969997aeb5a99"
"R/test_confounding_curve.R",1637,"623c91a093d1ed58ff6fcdeadb93188b"
"R/test_confounding_outputs.R",8061,"8bc622c0a8ad4c8c9f79e205eaec5244"
"R/test_confounding_sensitivity.R",2684,"a742d20365ebf5651c006f308f70b6ba"
"R/test_effect_map.R",1314,"96938ba5c93242f1879b5db1a5ce8105"
"R/test_results_io.R",1606,"6e4c5384207c8758a3663f646dc6b745"
"R/test_variance_sensitivity.R",5900,"caa412f0195e5324570ee6248da0ff6e"
"R/validate_outputs.R",9997,"4ad8d55eb553c084ebbe7a2406905c80"
"R/variance_sensitivity.R",9709,"e149a7d2d2db2113751ca901e9752dd1"
"README.md",24317,"0cac833a702ac71f13cc11ea779c6ac7"
"results/algorithm_sensitivity_records.csv",107178,"3788b2c24df0ce3ff687b810930f4205"
"results/algorithm_sensitivity_summary.csv",775,"b7c70d39cca6bec94a620e99a3bd8726"
"results/algorithm_sensitivity_table.tex",868,"79f000a2aab388520f4e6a68beb6aab1"
"results/application_algorithm_sensitivity.csv",510,"74aead60fc81701e53882b36d3267223"
"results/application_analysis_specification.txt",637,"533e3ae980cc23aee67efc2a4226d9f9"
"results/application_covariate_sensitivity_table.tex",971,"3bf84eedf82bcf33df92441831c8ae6f"
"results/application_covariate_sensitivity.csv",2562,"482cf6fb5ad02c5bf36ef3cafcd1c750"
"results/application_diagnostics_table.tex",717,"a000202a57297cf6ca5df52c1d9a9a51"
"results/application_diagnostics.csv",565,"ded1cdc79d0954c72d8b54b55afc8c72"
"results/application_effects_full_table.tex",1813,"18f6ae2a3b81c86f0d1f90da2cf8b9e2"
"results/application_effects_table.tex",578,"9ea330865b5228526d98cb30dfb5b7ad"
"results/application_effects.csv",2479,"fc74e65a9c725a9284abdd9aa233d605"
"results/application_regression_table.tex",1695,"38a9e3baf9824c23187e33e58f887605"
"results/application_regression.csv",1945,"bb77fd6e857e9af8e573526fe44c0d66"
"results/application_sensitivity_table.tex",537,"ff906f54f8d592ed803c501572c610ba"
"results/application_sessionInfo.txt",2044,"4089d2237db5377318e8ad739e21f09c"
"results/application_support.csv",194,"b8bd5beb716b855f540a3ef6fc475678"
"results/asset_sessionInfo.txt",733,"ec073f82a7de7eb495f60e8d87a219ca"
"results/calibrated_power_bootstrap.rds",103749,"516e8517c6ace63812d2baeeb03e4b4e"
"results/calibrated_power_critical_table.tex",554,"6d72abaeb6791573c961afddb53a1d4a"
"results/calibrated_power_critical.csv",510,"5eb66f23e8563cff8aa29e79890dc3b7"
"results/calibrated_power_numbers.tex",463,"077d1807e19cd8dbaaaf9d0154b7cb4f"
"results/calibrated_power_paired_table.tex",1390,"b478249ee2aa36ada9828a554d6a5f58"
"results/calibrated_power_paired.csv",1762,"58b5740efdc3b49a74aee45a7a1e1a7b"
"results/calibrated_power_records.csv.gz",1546862,"2d8214d5fb118c0ef9fff3e92cfa79b3"
"results/calibrated_power_seeds.csv",360165,"1e3eec2db0b6d638d3a0e0945d015b6f"
"results/calibrated_power_sessionInfo.txt",1813,"de8a90bf0aafcc8cc4acb77c0951a6d9"
"results/calibrated_power_summary_sessionInfo.txt",1059,"ee2141dfd646b85af4362c31562240e4"
"results/calibrated_power_summary.csv",4150,"867727378ca2d50d253c5da4f8c12265"
"results/calibrated_power_table.tex",1694,"307fe21c06ecccea3ac00bdafa84ebfb"
"results/calibrated_power_validation.txt",1145,"a512a56b976a06650d730ea60bbc27f8"
"results/comparator_full_table.tex",8985,"5754565f1f2a6c91e507f33c9606cce5"
"results/comparator_records.csv.gz",3522173,"e3ca0d6afb38c97ce83a7634fb82cd98"
"results/comparator_seeds.csv",137599,"e6ed5c5245da6b90c887d4dfbe80c3f3"
"results/comparator_sessionInfo.txt",2883,"61f288f2986e75696d4f4ca5aa0d0440"
"results/comparator_status.csv.gz",57788,"a72e91441f41536002051f8fa7e4e2fc"
"results/comparator_summary.csv",14745,"2aaa03e8095c32cec531d84ba762ee3d"
"results/comparator_table.tex",2356,"88f70df2f04f7c603a7a7a713f8bf699"
"results/comparator_validation.txt",388,"618cc8cd42bfd5e6147919f6ad7ff0e3"
"results/confounding_application_contours.csv.gz",201752,"2a22a762b97e933a23312475bfd090f1"
"results/confounding_application_curves.csv",82056,"1f1a979b3cdd1e8af024d88c2f2d7a5a"
"results/confounding_application_diagnostics.csv",779,"89d9586755408c11f4a2b1922e2f1b52"
"results/confounding_application_findings.tex",1096,"2437f4d625154a20ae3f292dc3b04e91"
"results/confounding_application_sessionInfo.txt",660,"749155c4f4a02b2e89ac1d9df399e61c"
"results/confounding_application_specification.txt",588,"74f7a54e61b0bce1ceaa8a2abec77288"
"results/confounding_application_table.tex",779,"9bcf3d1d1407ea0a01fe838a3d94ffdc"
"results/confounding_application_thresholds.csv",625,"50dcc73054ece780911d506ed5897cba"
"results/confounding_curve_basis.csv.gz",1159122,"4153d7a561c290375c9dcc888b7b8f06"
"results/confounding_curve_findings.tex",1471,"4d4d0ec93c1f11ac03053a6e548f0b25"
"results/confounding_curve_paired.csv",107834,"459084eab7fbfa0e9119bc3e5fd33997"
"results/confounding_curve_seeds.csv",101830,"216db2f963c9335e01a458b403b3cd3d"
"results/confounding_curve_sessionInfo.txt",611,"0c8e8a59c081d6703236fd37e1150d2d"
"results/confounding_curve_source_signature.txt",408,"7197abf62eea666ea220cc8a806f284e"
"results/confounding_curve_status.csv",320809,"868baf8ae3128f319e57616536abd84c"
"results/confounding_curve_summary.csv.gz",175369,"30fc7b0db2a1db99e35f3935d5f22b2a"
"results/confounding_curve_threshold_summary.csv",4422,"957f8d97679899cc045c9bab5309aab8"
"results/confounding_curve_threshold_table.tex",2426,"3063e330af6c2070c5e455b714cda704"
"results/confounding_curve_threshold.csv.gz",658977,"5882c0fbe08e3bb29ec8daa6f0c31561"
"results/confounding_curve_validation.txt",354,"86c38fc7e4c40bf75f64a53746d3009d"
"results/confounding_paired.csv",6067,"b525e4546dd97b3b3b36c38cf02a9f88"
"results/confounding_records.csv.gz",1955009,"8af0f92e60c09808cdfb8aca90b57fcf"
"results/confounding_seeds.csv",101830,"216db2f963c9335e01a458b403b3cd3d"
"results/confounding_sessionInfo.txt",611,"0c8e8a59c081d6703236fd37e1150d2d"
"results/confounding_simulation_findings.tex",1570,"bfe47508cf44e8e2e13e8ef801fd6f8f"
"results/confounding_simulation_table.tex",2640,"413227bd0f78d407fe449d4db81d3381"
"results/confounding_source_signature.txt",201,"d255908d2de0fdc21430748c1e6f9da0"
"results/confounding_status.csv",320809,"868baf8ae3128f319e57616536abd84c"
"results/confounding_summary.csv",25147,"35e8309a01f877fea8d8b7583f935239"
"results/confounding_threshold_summary.csv",4902,"3905e20785e3796abc6d6bf4acd358ec"
"results/confounding_thresholds.csv.gz",684783,"0de686607ef0243ff104f225843ca002"
"results/confounding_validation.txt",355,"a7f9323b891da285913a10836416bcb5"
"results/main_simulation_full_table.tex",7217,"0c61c100290859a33f3e75c1939f0644"
"results/main_simulation_records.csv.gz",3086403,"730019b7c982a185dbcacb513f9612ec"
"results/main_simulation_status.csv.gz",53360,"311f6268e44d4bf6f5d2521276f6f000"
"results/main_simulation_summary.csv",11204,"805cbc3fb9ffe9235f3dfa312024b7b6"
"results/main_simulation_table.tex",2531,"290856d2501c0195b090423e5889875c"
"results/medflex_refresh_sessionInfo.txt",2498,"3744005daea4583ecc191076aa5bcde2"
"results/package_versions.csv",111,"8cb0e1df704036712ff2cfaeaadc5392"
"results/paired_fit_numbers.tex",183,"5f34da62d7316653e4deb027676723ca"
"results/paired_fit_summary.csv",10559,"ad236ed1a364609776bcba1fbd7f2c3a"
"results/paired_fit_table.tex",2654,"2bfa0a4c9309d2ddd75dcecd982a4d5d"
"results/sessionInfo.txt",2232,"775139b2f4a8d2ebe8c50926a85ea43a"
"results/size_power_summary.csv",603,"93e8979b9b8e63010803ff5e9d1b8d77"
"results/size_power_table.tex",1030,"a6472e3b7af14538efc26e56c1d03ca3"
"results/validation_report.txt",246,"29ad6e277ed20599c68fcedd3ee65ea4"
"results/variance_sensitivity_findings.tex",980,"fa30687f5082cbe979aa7226b447c40b"
"results/variance_sensitivity_paired.csv",12865,"7f12357eece442eb2c356cbb4f956558"
"results/variance_sensitivity_records.csv.gz",2740700,"440cd1217c940d036035d0cd11147e99"
"results/variance_sensitivity_seeds.csv",34306,"df6c71f061080a0cdc9f72ddb010ab95"
"results/variance_sensitivity_sessionInfo.txt",611,"0c8e8a59c081d6703236fd37e1150d2d"
"results/variance_sensitivity_source_signature.txt",183,"cb4d493f08d480ae93d712ae6d86dafc"
"results/variance_sensitivity_status.csv.gz",87054,"a19d2e25dc1c67c96ed38fe201e6887e"
"results/variance_sensitivity_summary.csv",36925,"d0f9a19fad7302d87b20c9cc23b5442c"
"results/variance_sensitivity_table.tex",6402,"102850f2f0adbee51d1861d2c9bf490b"
"results/variance_sensitivity_validation.txt",313,"2c71bef45fff34d2b2f8489b8b0991d1"
"run_all.R",7034,"84d76afabff126f69f8a96096071a7c2"
"supplement.tex",36247,"9f176bdcf62a4e3cce9fd300dd6509d3"
"THIRD_PARTY_NOTICES.md",781,"4c2bdb3a7f4b101ac5d156eaef1e4069"
"UPLOAD_GUIDE_KO.md",5572,"fefb5c968361981c7d79e9677f7583e7"
"VARIANCE_SENSITIVITY_PLAN_20260916.md",2543,"d03ccce24228a1b149bd336b6b34efbe"
