"File","OriginalBytes","CompressedBytes","MD5"
"calibrated_power_records.csv.gz",5597146,1546862,"6186debad8bd587afb23261a80ad86d2"
"comparator_records.csv.gz",12463805,3522173,"df847c34e8f19b045bc7f0eb7b213d29"
"comparator_status.csv.gz",1139985,57788,"8f4bab5d7d52c3a6ab44839d9080f129"
"confounding_application_contours.csv.gz",847400,201752,"93c3b56bcd5522080f8d87e08a47994d"
"confounding_curve_basis.csv.gz",4351044,1159122,"fbdb31e1d0219a99bac801f67567f8d3"
"confounding_curve_summary.csv.gz",637965,175369,"823e12cd0bd6c8d0f4cb7912569ae588"
"confounding_curve_threshold.csv.gz",2057306,658977,"c90f0ef05aff39a93dd30f37907a3122"
"confounding_records.csv.gz",8811431,1955009,"231c13825bcfff143593e5dcd44381fb"
"confounding_thresholds.csv.gz",2275322,684783,"d1b06c09000934986b6b0068e08be44c"
"main_simulation_records.csv.gz",9646666,3086403,"bd98a94d31f832499e753272c0b831c5"
"main_simulation_status.csv.gz",766546,53360,"bd4f4514d23f63657f0812a5c50b04f7"
"variance_sensitivity_records.csv.gz",10406363,2740700,"ee327bd3ec8e99917206c256729eeebb"
"variance_sensitivity_status.csv.gz",1232695,87054,"66e92361c046ab399a3a8c42954ff6a9"
